Ign,Team,ACS,Matches,Rnd,K_D,KAST,ADR,KPR,APR,FKPR,FDPR,HSPercent,CLPercent,KMax,K,D,A,FK,FD,Kill_Participation
Lime,Angry Titans,1.0,19,394,0.9687499999999998,0.00733333333333333,1.0,0.9833333333333332,0.2083333333333333,0.9047619047619048,0.52,0.00631578947368421,0.002978723404255319,41,385,275,70,81,50,1.1548223350253808
keloqz,Team Heretics,1.0,5,118,0.9270833333333336,0.0056666666666666645,0.9760809567617296,1.0,0.0416666666666666,0.8571428571428572,0.56,0.0057894736842105275,0.007872340425531916,25,117,86,12,24,17,1.0932203389830508
kamo,NOM eSports,0.9612903225806452,23,501,0.7708333333333333,0.005999999999999997,0.975160993560258,0.9166666666666666,0.2291666666666666,0.7619047619047619,0.68,0.0057894736842105275,0.002978723404255319,32,469,389,94,92,84,1.12375249500998
DeepMans,Wave Esports,0.9419354838709678,20,424,1.0,0.006666666666666665,0.9530818767249312,0.9666666666666668,0.1458333333333333,0.7142857142857143,0.36,0.006842105263157895,0.004042553191489362,34,413,288,63,74,37,1.1226415094339623
JUGi,FOKUS,0.9225806451612902,14,296,0.9791666666666664,0.007000000000000002,0.862925482980681,0.8666666666666668,0.2499999999999999,1.0,0.6,0.003947368421052631,0.003191489361702128,34,270,192,60,67,44,1.114864864864865
marteen,Entropiq,0.9225806451612902,17,386,0.8229166666666665,0.00733333333333333,0.8840846366145356,0.9,0.1666666666666666,0.8571428571428572,0.44,0.004736842105263157,0.003617021276595745,37,359,284,62,77,43,1.0906735751295338
vakk,Team Vitality,0.9225806451612902,14,297,0.9166666666666669,0.006666666666666665,0.8997240110395588,0.8833333333333334,0.2083333333333333,0.7619047619047619,0.56,0.005,0.002340425531914894,29,272,202,53,54,41,1.0942760942760943
sociablEE,Fire Flux Esports,0.9161290322580644,23,478,0.7916666666666665,0.006666666666666665,0.9567617295308188,0.85,0.3125,0.7619047619047619,0.52,0.0044736842105263155,0.001702127659574468,32,432,350,109,85,62,1.1317991631799162
H1BER,KOI,0.9096774193548388,14,320,0.7604166666666665,0.006333333333333333,0.9052437902483904,0.8333333333333334,0.3125,1.0,0.8,0.0044736842105263155,0.00553191489361702,33,286,239,73,73,64,1.121875
szimpli,Gamerland Outlaws (ex),0.9032258064516128,15,340,0.78125,0.007000000000000002,0.9126034958601656,0.8833333333333334,0.2499999999999999,0.8095238095238095,0.44,0.0057894736842105275,0.001702127659574468,29,312,256,69,63,39,1.1205882352941177
DeadInk,Galakticos,0.8193548387096775,18,390,0.6458333333333334,0.0056666666666666645,0.8408463661453545,0.7333333333333333,0.2916666666666666,0.7619047619047619,0.68,0.003947368421052631,0.001276595744680851,24,325,297,84,69,67,1.0487179487179488
Masic,Surreal Esports,0.8193548387096775,24,528,0.8541666666666667,0.007000000000000002,0.8583256669733212,0.7999999999999999,0.1874999999999999,0.6666666666666666,0.4,0.005,0.002340425531914894,33,461,358,92,83,51,1.0473484848484849
russ,Giants Gaming,0.8064516129032259,12,265,0.6770833333333336,0.006333333333333333,0.828886844526219,0.7499999999999999,0.3541666666666666,0.7142857142857143,0.56,0.007631578947368421,0.0027659574468085106,28,223,199,65,46,37,1.0867924528301887
Alfajer,Surreal Esports,0.7935483870967742,24,528,0.90625,0.007000000000000002,0.8252069917203313,0.8333333333333334,0.2708333333333332,0.5714285714285715,0.48,0.007631578947368421,0.003829787234042552,34,468,350,109,73,63,1.0928030303030303
Muj,Futbolist,0.7806451612903226,3,67,0.84375,0.008333333333333335,0.7709291628334869,0.8166666666666668,0.5208333333333333,0.7619047619047619,0.4,0.004736842105263157,0.003617021276595745,24,59,46,22,12,7,1.208955223880597
qw1,Futbolist,0.7741935483870969,19,395,0.7499999999999998,0.005999999999999997,0.7644894204231831,0.7666666666666667,0.2083333333333333,0.8095238095238095,0.52,0.005263157894736842,0.0027659574468085106,25,336,283,72,74,50,1.0329113924050632
hype,Alliance,0.7677419354838709,23,483,0.90625,0.0056666666666666645,0.7828886844526219,0.7666666666666667,0.2291666666666666,0.4285714285714286,0.36,0.005,0.003191489361702128,28,409,306,94,55,42,1.041407867494824
Polvi,TENSTAR,0.7612903225806452,24,468,0.7187499999999999,0.005999999999999997,0.7782888684452622,0.7499999999999999,0.2291666666666666,0.7619047619047619,0.72,0.0044736842105263155,0.002340425531914894,28,392,337,89,83,85,1.0277777777777777
VPNCNP,Thunderbolts Gaming,0.7612903225806452,23,481,0.6979166666666666,0.007000000000000002,0.7856485740570378,0.7333333333333333,0.3125,0.4285714285714286,0.28,0.005,0.002553191489361702,24,400,351,112,55,36,1.0644490644490645
MiniBoo,Arctic Gaming,0.7548387096774193,12,275,0.6770833333333336,0.005,0.7276908923643055,0.7333333333333333,0.0833333333333332,1.0,0.76,0.0057894736842105275,0.00574468085106383,28,229,205,33,63,53,0.9527272727272728
Fit1nho,Giants Gaming,0.7483870967741936,12,265,0.7916666666666665,0.005999999999999997,0.7598896044158234,0.7333333333333333,0.1874999999999999,0.6666666666666666,0.48,0.005,0.001063829787234042,28,221,180,45,42,33,1.0037735849056604
Maru,Dsyre,0.7419354838709676,14,311,0.7916666666666665,0.006333333333333333,0.796688132474701,0.7499999999999999,0.1249999999999999,0.2857142857142857,0.28,0.007105263157894737,0.00425531914893617,30,260,212,44,25,21,0.977491961414791
siJk,H2O (ex),0.7419354838709676,9,190,0.5208333333333334,0.0029999999999999983,0.6862925482980682,0.7000000000000001,0.1249999999999999,0.8095238095238095,0.64,0.0028947368421052633,0.000851063829787234,28,153,157,27,37,31,0.9473684210526315
Filu,UCAM Tokiers,0.7419354838709676,14,308,0.6041666666666669,0.005,0.7166513339466423,0.7166666666666667,0.1666666666666666,0.8095238095238095,0.72,0.0057894736842105275,0.003404255319148936,24,253,242,49,59,55,0.9805194805194806
Luzuh,MOUZ,0.7354838709677419,19,417,0.8229166666666665,0.006666666666666665,0.6936522539098438,0.7666666666666667,0.1041666666666666,0.8095238095238095,0.64,0.003947368421052631,0.001702127659574468,38,353,280,53,80,67,0.973621103117506
yetujey,Fire Flux Esports,0.7225806451612903,2,44,0.8854166666666667,0.003666666666666667,0.7433302667893287,0.7499999999999999,0.2083333333333333,0.5714285714285715,0.28,0.005263157894736842,0.002127659574468084,19,37,28,8,6,3,1.0227272727272727
Yacine,Tundra Esports,0.7161290322580646,25,533,0.5833333333333334,0.0056666666666666645,0.7479300827966884,0.6333333333333334,0.3125,0.9523809523809524,0.76,0.004210526315789474,0.001276595744680851,23,410,399,122,115,99,0.99812382739212
vo0kashu,Rebels Gaming,0.7096774193548386,22,454,0.8541666666666667,0.008333333333333335,0.7819687212511501,0.65,0.3958333333333333,0.2380952380952381,0.32,0.004736842105263157,0.002127659574468084,33,355,276,123,34,35,1.052863436123348
xuss,Anonymo Esports,0.7032258064516129,28,595,0.6458333333333334,0.0056666666666666645,0.7258509659613617,0.7166666666666667,0.2499999999999999,0.5238095238095238,0.56,0.005263157894736842,0.001914893617021276,27,490,449,120,79,83,1.0252100840336134
Haxtrax,Gamerland Outlaws,0.7032258064516129,8,177,0.8958333333333333,0.00733333333333333,0.8086476540938365,0.7166666666666667,0.4166666666666666,0.2380952380952381,0.28,0.00631578947368421,0.003617021276595745,34,145,109,49,13,13,1.0960451977401129
juseu,Team BDS,0.7032258064516129,23,515,0.7916666666666665,0.005999999999999997,0.6899724011039561,0.7666666666666667,0.1041666666666666,0.7619047619047619,0.68,0.0057894736842105275,0.0065957446808510645,32,439,358,67,95,86,0.9825242718446602
elllement,EXCEL,0.7032258064516129,29,591,0.8125,0.006333333333333333,0.7617295308187675,0.7499999999999999,0.1666666666666666,0.7142857142857143,0.56,0.005526315789473685,0.004680851063829787,27,497,399,95,99,83,1.0016920473773265
Sacake,KOI,0.7032258064516129,14,320,0.6041666666666669,0.007000000000000002,0.7930082796688134,0.5833333333333334,0.7499999999999999,0.2857142857142857,0.36,0.004210526315789474,0.002553191489361702,21,236,224,142,27,28,1.18125
jannyXD,Rebels Gaming,0.7032258064516129,22,454,0.7604166666666665,0.007666666666666666,0.6862925482980682,0.7333333333333333,0.1458333333333333,0.7619047619047619,0.6,0.005263157894736842,0.004042553191489362,28,378,315,70,80,66,0.986784140969163
Katu,AWARIA,0.6967741935483872,28,588,0.7291666666666666,0.006666666666666665,0.7470101195952161,0.7166666666666667,0.3333333333333332,0.4761904761904761,0.4,0.00631578947368421,0.001063829787234042,28,485,416,144,70,58,1.0697278911564625
ALIVE,Team Finest,0.6967741935483872,19,411,0.7187499999999999,0.005333333333333332,0.7111315547378108,0.7166666666666667,0.1458333333333333,0.9047619047619048,0.56,0.004736842105263157,0.0027659574468085106,32,338,291,60,88,57,0.9683698296836983
Theow,Anorthosis Famagusta Esports,0.6967741935483872,21,432,0.5416666666666666,0.005333333333333332,0.7184912603495861,0.6166666666666668,0.2708333333333332,0.8095238095238095,0.68,0.003947368421052631,0.0027659574468085106,27,328,332,92,81,72,0.9722222222222222
mikee,WYLDE,0.6903225806451613,14,292,0.6874999999999999,0.0056666666666666645,0.8169273229070839,0.7000000000000001,0.2916666666666666,0.1428571428571428,0.28,0.0060526315789473685,0.003829787234042552,32,236,209,63,16,20,1.023972602739726
Goaster,Sector One France,0.6838709677419356,23,521,0.6874999999999999,0.005999999999999997,0.738730450781969,0.6833333333333335,0.2083333333333333,0.8095238095238095,0.72,0.004736842105263157,0.001489361702127659,35,417,368,93,98,92,0.9788867562380038
Doma,TENSTAR,0.6838709677419356,24,468,0.6666666666666669,0.006666666666666665,0.738730450781969,0.6166666666666668,0.4166666666666666,0.2380952380952381,0.36,0.005263157894736842,0.003404255319148936,22,358,323,129,32,43,1.0405982905982907
Ambi,Case Esports,0.6838709677419356,22,471,0.6979166666666666,0.007000000000000002,0.7194112235510579,0.6666666666666669,0.2291666666666666,0.8095238095238095,0.6,0.005,0.0027659574468085106,24,372,325,91,90,72,0.9830148619957537
Kicks,London Esports,0.6774193548387096,15,301,0.5520833333333334,0.005,0.7056117755289788,0.6666666666666669,0.5416666666666666,0.3333333333333333,0.44,0.0044736842105263155,0.001489361702127659,24,238,237,101,27,32,1.1262458471760797
UNFAKE,Team Queso,0.6709677419354839,12,238,0.6041666666666669,0.007666666666666666,0.7424103035878564,0.6166666666666668,0.5,0.3333333333333333,0.2,0.0057894736842105275,0.000425531914893617,25,180,171,76,22,12,1.0756302521008403
bipo,Dsyre,0.664516129032258,14,311,0.6666666666666669,0.004666666666666668,0.6421343146274152,0.6833333333333335,0.0833333333333332,0.8571428571428572,0.76,0.0057894736842105275,0.003191489361702128,26,248,224,36,62,60,0.9131832797427653
YaBoiLewis,FOKUS,0.664516129032258,22,463,0.5833333333333334,0.0056666666666666645,0.7056117755289788,0.6333333333333334,0.2916666666666666,0.6666666666666666,0.6,0.008157894736842105,0.002127659574468084,24,357,347,103,73,68,0.9935205183585313
Killu,Valar Morghulis,0.664516129032258,14,314,0.7604166666666665,0.005,0.7019319227230914,0.7000000000000001,0.1041666666666666,0.5238095238095238,0.48,0.0060526315789473685,0.002553191489361702,27,254,212,42,42,37,0.9426751592356688
Davud,who cars?,0.664516129032258,16,344,0.5104166666666666,0.004333333333333331,0.7074517019319229,0.6166666666666668,0.2291666666666666,0.7142857142857143,0.76,0.0044736842105263155,0.000212765957446808,31,262,274,64,57,67,0.9476744186046512
musashi,Rebels Gaming,0.664516129032258,22,454,0.6145833333333334,0.006666666666666665,0.6789328426862928,0.6333333333333334,0.5208333333333333,0.5714285714285715,0.6,0.0060526315789473685,0.000425531914893617,28,350,330,151,62,67,1.10352422907489
murii,Wave Esports,0.6580645161290323,20,424,0.7083333333333334,0.007000000000000002,0.6540938362465503,0.6833333333333335,0.375,0.5238095238095238,0.48,0.006578947368421052,0.003829787234042552,26,338,295,112,57,51,1.0613207547169812
BaWaN,beGenius ESC,0.6580645161290323,18,383,0.6458333333333334,0.006333333333333333,0.6632934682612697,0.65,0.2499999999999999,0.380952380952381,0.32,0.0044736842105263155,0.003404255319148936,38,297,273,78,40,31,0.97911227154047
Fearoth,Alliance,0.6580645161290323,23,483,0.78125,0.007999999999999998,0.7442502299908005,0.5666666666666668,0.5624999999999999,0.1904761904761904,0.16,0.00368421052631579,0.002340425531914894,23,355,292,169,30,18,1.0848861283643891
LaAw,OG,0.6516129032258066,18,394,0.7083333333333334,0.007666666666666666,0.6780128794848206,0.65,0.5,0.2857142857142857,0.16,0.0057894736842105275,0.003829787234042552,29,309,268,128,30,17,1.1091370558375635
Elite,FenerbahÃ§e Esports,0.6516129032258066,16,350,0.5937500000000001,0.004666666666666668,0.6991720331186755,0.6666666666666669,0.2291666666666666,0.380952380952381,0.32,0.01,0.0027659574468085106,28,277,266,68,36,27,0.9857142857142858
DubzWoW,Thunderbolts Gaming,0.6516129032258066,17,346,0.5208333333333334,0.005333333333333332,0.6798528058877646,0.5833333333333334,0.375,0.7142857142857143,0.6,0.002105263157894737,0.002631366860090264,29,257,264,90,60,53,1.0028901734104045
blitzeN,CGN Esports,0.6451612903225806,14,275,0.7083333333333334,0.005,0.692732290708372,0.6666666666666669,0.3333333333333332,0.2857142857142857,0.44,0.007631578947368421,0.002340425531914894,32,218,190,66,21,31,1.0327272727272727
aeiden,KTRL (ex),0.6451612903225806,11,226,0.5937500000000001,0.005333333333333332,0.6973321067157316,0.65,0.3125,0.3333333333333333,0.2,0.009210526315789473,0.002553191489361702,22,176,170,51,21,12,1.0044247787610618
Saiko,AWARIA,0.6451612903225806,28,588,0.5208333333333334,0.0056666666666666645,0.6669733210671573,0.5833333333333334,0.2708333333333332,0.6666666666666666,0.6,0.004210526315789474,0.001702127659574468,25,438,450,121,96,89,0.9506802721088435
ponkt,Team Finest,0.6451612903225806,19,411,0.6979166666666666,0.005999999999999997,0.7451701931922725,0.6666666666666669,0.1458333333333333,0.4285714285714286,0.32,0.006578947368421052,0.002127659574468084,33,326,285,62,47,33,0.9440389294403893
STERBEN,Fire Flux Esports,0.6451612903225806,23,478,0.7604166666666665,0.007000000000000002,0.6734130634774609,0.6833333333333335,0.5624999999999999,0.2857142857142857,0.32,0.007105263157894737,0.003829787234042552,26,383,320,167,39,40,1.1506276150627615
Touven,Galatasaray Esports,0.6451612903225806,18,412,0.5833333333333334,0.005333333333333332,0.750689972401104,0.6,0.4166666666666666,0.3333333333333333,0.36,0.005,0.002127659574468084,29,311,301,116,36,37,1.0364077669902914
al0rante,MOUZ,0.6387096774193549,19,417,0.5104166666666666,0.004333333333333331,0.6274149034038639,0.6333333333333334,0.3125,0.5714285714285715,0.56,0.009736842105263158,0.00553191489361702,24,320,332,96,58,58,0.9976019184652278
DisisJohn,Ovation eSports,0.6387096774193549,14,290,0.6041666666666669,0.003333333333333335,0.5988960441582338,0.6333333333333334,0.1249999999999999,0.5238095238095238,0.48,0.0028947368421052633,0.003829787234042552,30,224,214,40,38,36,0.9103448275862069
LeeeeeeN,OG,0.6387096774193549,18,394,0.5520833333333334,0.005999999999999997,0.626494940202392,0.6333333333333334,0.1458333333333333,0.9047619047619048,0.68,0.005,0.003617021276595745,30,302,301,58,83,68,0.9137055837563451
Ridder,beGenius ESC,0.6387096774193549,18,383,0.5104166666666666,0.006333333333333333,0.6375344986200555,0.6333333333333334,0.1458333333333333,0.8571428571428572,0.68,0.004736842105263157,0.001276595744680851,31,296,309,58,78,67,0.9242819843342036
AtaKaptan,Thunderbolts Gaming,0.6387096774193549,23,481,0.6458333333333334,0.006666666666666665,0.6476540938362467,0.6,0.8541666666666666,0.3333333333333333,0.4,0.005263157894736842,0.003829787234042552,26,361,330,235,42,50,1.2390852390852392
dimasick,Team Finest,0.632258064516129,8,159,0.6562500000000001,0.005999999999999997,0.7654093836246552,0.5833333333333334,0.3125,0.2857142857142857,0.28,0.006842105263157895,0.001489361702127659,19,118,107,37,13,11,0.9748427672955975
luckeRRR,Alliance,0.632258064516129,23,483,0.6874999999999999,0.005,0.6513339466421346,0.6166666666666668,0.1874999999999999,0.8095238095238095,0.6,0.004736842105263157,0.001489361702127659,30,369,328,80,92,73,0.9296066252587992
shÃ©d,KOVA Esports,0.632258064516129,16,343,0.5520833333333334,0.005333333333333332,0.6310947562097518,0.65,0.1666666666666666,0.7142857142857143,0.56,0.0044736842105263155,0.001063829787234042,27,266,266,55,58,49,0.9358600583090378
maniek,Anonymo Esports,0.6258064516129033,28,595,0.5312500000000001,0.00733333333333333,0.6816927322907085,0.5833333333333334,0.5,0.380952380952381,0.56,0.005,0.002553191489361702,23,442,452,188,62,81,1.0588235294117647
Moe40,EXCEL,0.6258064516129033,29,591,0.7604166666666665,0.008333333333333335,0.721251149954002,0.6333333333333334,0.4791666666666666,0.380952380952381,0.24,0.007631578947368421,0.003191489361702128,25,455,378,184,58,34,1.0812182741116751
Wolfen,Case Esports,0.6258064516129033,22,471,0.6041666666666669,0.007999999999999998,0.7083716651333949,0.5666666666666668,0.5208333333333333,0.380952380952381,0.36,0.00736842105263158,0.00425531914893617,23,346,330,154,45,41,1.0615711252653928
MAGiK,Dsyre,0.6193548387096773,14,311,0.6666666666666669,0.005999999999999997,0.6807727690892365,0.6666666666666669,0.3958333333333333,0.1904761904761904,0.32,0.007105263157894737,0.002127659574468084,31,246,221,85,18,25,1.0643086816720257
Shazeon,CGN Esports,0.6193548387096773,8,157,0.5520833333333334,0.006333333333333333,0.6798528058877646,0.4999999999999999,0.5624999999999999,0.2857142857142857,0.16,0.005,0.002978723404255319,29,108,108,55,12,6,1.0382165605095541
Mickebwoy,Team BDS,0.6193548387096773,23,515,0.7395833333333334,0.007999999999999998,0.6678932842686294,0.6,0.5416666666666666,0.1428571428571428,0.16,0.004736842105263157,0.002978723404255319,28,387,328,174,28,22,1.0893203883495146
Burzzy,FenerbahÃ§e Esports,0.6193548387096773,16,350,0.46875,0.005333333333333332,0.68721251149954,0.5833333333333334,0.375,0.380952380952381,0.44,0.00868421052631579,0.001063829787234042,25,259,282,92,35,40,1.002857142857143
Froz,Galatasaray Esports,0.6193548387096773,18,412,0.5312500000000001,0.0056666666666666645,0.6614535418583258,0.6,0.2708333333333332,0.4285714285714286,0.4,0.005263157894736842,0.0027659574468085106,28,307,314,88,46,42,0.9587378640776699
krea6on,Tundra Esports,0.6129032258064516,25,533,0.6250000000000001,0.005,0.6310947562097518,0.6166666666666668,0.3125,0.3333333333333333,0.48,0.004736842105263157,0.002553191489361702,30,405,380,124,47,62,0.9924953095684803
vong,FOKUS,0.6064516129032259,22,463,0.6562500000000001,0.006666666666666665,0.6614535418583258,0.6166666666666668,0.4166666666666666,0.380952380952381,0.28,0.007105263157894737,0.00574468085106383,23,354,323,131,46,32,1.0475161987041037
grubinho,AWARIA,0.6064516129032259,28,588,0.7604166666666665,0.007000000000000002,0.6485740570377185,0.6333333333333334,0.4166666666666666,0.380952380952381,0.32,0.00631578947368421,0.004468085106382978,33,450,375,162,59,45,1.0408163265306123
uNKOE,OG,0.6064516129032259,18,394,0.6979166666666666,0.00733333333333333,0.6485740570377185,0.6166666666666668,0.3541666666666666,0.4761904761904761,0.36,0.004210526315789474,0.003404255319148936,31,300,264,99,49,36,1.0126903553299493
Dev0,London Esports,0.6064516129032259,14,284,0.4374999999999999,0.002333333333333334,0.660533578656854,0.5666666666666668,0.1666666666666666,0.7142857142857143,0.72,0.004736842105263157,0.001063829787234042,25,208,234,45,48,51,0.8908450704225352
KPZET,Movistar Riders,0.6064516129032259,12,247,0.6458333333333334,0.005999999999999997,0.6513339466421346,0.6166666666666668,0.2916666666666666,0.5238095238095238,0.44,0.008947368421052631,0.002978723404255319,21,188,172,54,32,27,0.979757085020243
PoPiFresH,Team Heretics,0.6064516129032259,11,246,0.5625000000000001,0.005,0.6108555657773691,0.5666666666666668,0.1041666666666666,0.5714285714285715,0.52,0.004736842105263157,0.002631366860090264,21,179,177,33,34,32,0.8617886178861789
bacyx,Thunderbolts Gaming,0.6064516129032259,6,135,0.5104166666666666,0.004333333333333331,0.5722171113155474,0.5666666666666668,0.1666666666666666,0.8571428571428572,0.72,0.0044736842105263155,0.002631366860090264,22,98,102,22,27,24,0.8888888888888888
kamyk,Anonymo Esports,0.6,28,595,0.7187499999999999,0.006666666666666665,0.65869365225391,0.6333333333333334,0.4583333333333332,0.1904761904761904,0.24,0.00631578947368421,0.003191489361702128,25,459,397,179,35,38,1.0722689075630252
BENZKI,Anorthosis Famagusta Esports,0.6,17,349,0.5520833333333334,0.005999999999999997,0.6338546458141676,0.6,0.5208333333333333,0.4285714285714286,0.48,0.004736842105263157,0.001276595744680851,26,262,263,116,39,42,1.0830945558739256
SHIN,Sector One France,0.6,23,521,0.7083333333333334,0.008333333333333335,0.6375344986200555,0.6333333333333334,0.5208333333333333,0.2857142857142857,0.28,0.009210526315789473,0.004680851063829787,27,400,349,173,44,38,1.0998080614203456
hoppY,Mandatory,0.6,14,312,0.5625000000000001,0.004333333333333331,0.6310947562097518,0.6333333333333334,0.2916666666666666,0.3333333333333333,0.44,0.0057894736842105275,0.0027659574468085106,24,239,236,69,28,35,0.9871794871794872
paTiTek,EXCEL,0.6,29,591,0.5833333333333334,0.00733333333333333,0.6402943882244712,0.5833333333333334,0.5208333333333333,0.5714285714285715,0.4,0.0044736842105263155,0.002127659574468084,26,438,424,193,82,60,1.0676818950930627
Fizzy,Team BDS,0.5935483870967743,23,515,0.6250000000000001,0.00733333333333333,0.6025758969641215,0.6,0.6041666666666666,0.380952380952381,0.36,0.003947368421052631,0.003404255319148936,25,384,359,191,50,45,1.116504854368932
mizuN,Team Finest,0.5870967741935483,19,411,0.6458333333333334,0.007000000000000002,0.6237350505979764,0.5833333333333334,0.4583333333333332,0.4285714285714286,0.4,0.007894736842105262,0.0027659574468085106,26,305,280,123,45,41,1.0413625304136254
bramz,Team Vitality,0.5870967741935483,14,297,0.6562500000000001,0.00733333333333333,0.6071757129714812,0.6166666666666668,0.2499999999999999,0.380952380952381,0.24,0.0057894736842105275,0.002127659574468084,29,227,206,60,29,17,0.9663299663299664
chiwawa,EXCEL,0.5870967741935483,29,591,0.6250000000000001,0.005999999999999997,0.6384544618215273,0.5833333333333334,0.3333333333333332,0.3333333333333333,0.28,0.006578947368421052,0.002553191489361702,29,440,410,139,52,44,0.9796954314720813
nataNk,Anorthosis Famagusta Esports,0.5806451612903226,17,349,0.6041666666666669,0.005333333333333332,0.6356945722171115,0.5666666666666668,0.4166666666666666,0.4285714285714286,0.44,0.003947368421052631,0.002340425531914894,29,254,241,96,37,40,1.002865329512894
bzt,Gamerland Outlaws,0.5806451612903226,15,340,0.5312500000000001,0.006333333333333333,0.6678932842686294,0.5166666666666667,0.6874999999999999,0.380952380952381,0.4,0.0044736842105263155,0.002553191489361702,30,238,242,141,34,33,1.1147058823529412
Supmah,KOVA Esports,0.5806451612903226,16,343,0.6562500000000001,0.006666666666666665,0.5952161913523459,0.5833333333333334,0.4374999999999999,0.4285714285714286,0.4,0.004736842105263157,0.003617021276595745,23,254,230,99,38,34,1.0291545189504374
RobbieBk,London Esports,0.5806451612903226,15,301,0.6041666666666669,0.006666666666666665,0.6513339466421346,0.5499999999999999,0.4791666666666666,0.2857142857142857,0.16,0.007105263157894737,0.003617021276595745,22,216,206,92,24,13,1.0232558139534884
falltw,Case Esports,0.5806451612903226,22,471,0.6979166666666666,0.006666666666666665,0.626494940202392,0.6166666666666668,0.3958333333333333,0.3333333333333333,0.24,0.0057894736842105275,0.002340425531914894,27,356,312,127,43,28,1.0254777070063694
TheCady,Team Lixa,0.5806451612903226,21,446,0.46875,0.004333333333333331,0.6126954921803129,0.5833333333333334,0.0833333333333332,0.7142857142857143,0.64,0.00631578947368421,0.001489361702127659,26,329,357,55,76,70,0.8609865470852018
Freyy,NOM eSports,0.5741935483870967,23,501,0.6874999999999999,0.005999999999999997,0.6108555657773691,0.6166666666666668,0.4583333333333332,0.2380952380952381,0.4,0.0060526315789473685,0.0027659574468085106,31,383,340,151,36,48,1.0658682634730539
vicious,KOVA Esports,0.5741935483870967,16,343,0.6145833333333334,0.007000000000000002,0.6007359705611777,0.5333333333333333,0.4374999999999999,0.1904761904761904,0.24,0.004210526315789474,0.003191489361702128,28,245,231,99,22,21,1.0029154518950438
tsack,Team Queso,0.5741935483870967,12,238,0.6979166666666666,0.007666666666666666,0.5915363385464583,0.6,0.4166666666666666,0.2857142857142857,0.28,0.006842105263157895,0.003191489361702128,21,179,157,67,18,17,1.0336134453781514
qRaxs,Futbolist,0.5741935483870967,19,395,0.6874999999999999,0.006666666666666665,0.6154553817847288,0.6,0.4374999999999999,0.2857142857142857,0.2,0.006842105263157895,0.002553191489361702,30,297,263,113,33,20,1.0379746835443038
Docent,Galatasaray Esports,0.5741935483870967,18,412,0.5208333333333334,0.005,0.6347746090156394,0.5333333333333333,0.4166666666666666,0.2380952380952381,0.4,0.005263157894736842,0.001063829787234042,26,293,303,114,27,41,0.9878640776699029
Hyperzxz,H2O,0.567741935483871,7,135,0.3958333333333333,0.003666666666666667,0.6577736890524379,0.4833333333333335,0.2499999999999999,0.6190476190476191,0.52,0.004736842105263157,0.001702127659574468,24,92,108,27,20,18,0.8814814814814815
MrFaliN,Futbolist,0.567741935483871,19,395,0.5625000000000001,0.00733333333333333,0.5906163753449862,0.4999999999999999,0.5,0.380952380952381,0.36,0.0044736842105263155,0.0006382978723404251,24,272,269,128,39,34,1.0126582278481013
APO,Mandatory,0.5612903225806453,14,312,0.5937500000000001,0.005333333333333332,0.6163753449862006,0.5833333333333334,0.2916666666666666,0.380952380952381,0.32,0.006842105263157895,0.001063829787234042,25,230,222,70,31,25,0.9615384615384616
Leare,Team Queso,0.5612903225806453,12,238,0.5312500000000001,0.002666666666666666,0.5685372585096597,0.5833333333333334,0.0624999999999999,0.7619047619047619,0.84,0.0057894736842105275,0.001914893617021276,20,175,178,27,43,49,0.8487394957983193
gloomy,FenerbahÃ§e Esports,0.5612903225806453,4,90,0.3854166666666666,0.0029999999999999983,0.6310947562097518,0.4833333333333335,0.0833333333333332,0.5714285714285715,0.88,0.0057894736842105275,0.001063829787234042,23,61,73,11,13,20,0.8
lauress,Fire Flux Esports,0.5612903225806453,22,460,0.8020833333333333,0.008666666666666666,0.6292548298068079,0.6166666666666668,0.4166666666666666,0.2857142857142857,0.32,0.006842105263157895,0.003191489361702128,33,348,281,131,37,35,1.041304347826087
sturNNcya,Galakticos,0.5612903225806453,18,390,0.5729166666666666,0.005,0.6182152713891444,0.5666666666666668,0.1666666666666666,0.2857142857142857,0.32,0.005263157894736842,0.001914893617021276,32,286,280,61,33,33,0.8897435897435897
TheNightChe,Team Lixa,0.5612903225806453,21,446,0.4895833333333332,0.004333333333333331,0.609015639374425,0.5666666666666668,0.3125,0.3333333333333333,0.4,0.007105263157894737,0.002127659574468084,25,325,345,104,40,46,0.9618834080717489
DarkLight,beGenius ESC,0.5548387096774193,18,383,0.6562500000000001,0.007000000000000002,0.6209751609935603,0.5833333333333334,0.5,0.1904761904761904,0.28,0.005263157894736842,0.002127659574468084,28,285,258,121,24,25,1.0600522193211488
XMS,TENSTAR,0.5483870967741936,24,468,0.7291666666666666,0.00733333333333333,0.6421343146274152,0.6,0.3333333333333332,0.2380952380952381,0.2,0.00631578947368421,0.002978723404255319,24,351,300,114,34,22,0.9935897435897436
mcnuggets,Movistar Riders,0.5483870967741936,12,247,0.5104166666666666,0.005999999999999997,0.5896964121435144,0.5166666666666667,0.4583333333333332,0.4761904761904761,0.44,0.003947368421052631,0.002553191489361702,24,173,180,73,30,28,0.9959514170040485
Yurii,Case Esports,0.5483870967741936,22,471,0.6250000000000001,0.007000000000000002,0.5878564857405706,0.5833333333333334,0.3541666666666666,0.380952380952381,0.32,0.004210526315789474,0.001914893617021276,22,349,326,119,45,39,0.9936305732484076
BennY,CGN Esports,0.5419354838709677,14,275,0.4062499999999999,0.004333333333333331,0.5896964121435144,0.4833333333333335,0.4166666666666666,0.4761904761904761,0.76,0.005,0.0006382978723404251,20,186,216,77,32,52,0.9563636363636364
ceNder,Team Vitality,0.5419354838709677,14,297,0.6354166666666669,0.006666666666666665,0.6099356025758973,0.5166666666666667,0.5208333333333333,0.380952380952381,0.44,0.006842105263157895,0.005106382978723405,24,207,191,97,31,33,1.0235690235690236
Eso177,UCAM Tokiers,0.5419354838709677,14,308,0.5312500000000001,0.003999999999999999,0.6117755289788409,0.5166666666666667,0.3125,0.3333333333333333,0.24,0.005526315789473685,0.003404255319148936,21,216,220,72,28,19,0.935064935064935
Leosen,Ovation eSports,0.535483870967742,14,290,0.4166666666666667,0.004333333333333331,0.596136154553818,0.4833333333333335,0.3333333333333332,0.4761904761904761,0.52,0.005526315789473685,0.001276595744680851,34,196,226,70,35,39,0.9172413793103448
hatex,Galakticos,0.535483870967742,18,390,0.5625000000000001,0.006333333333333333,0.6218951241950323,0.5666666666666668,0.3333333333333332,0.2380952380952381,0.24,0.005263157894736842,0.001063829787234042,26,283,280,95,28,25,0.9692307692307692
RieNs,Surreal Esports,0.535483870967742,23,507,0.6145833333333334,0.007000000000000002,0.6080956761729532,0.5333333333333333,0.4374999999999999,0.3333333333333333,0.32,0.006842105263157895,0.0027659574468085106,24,359,340,148,47,43,1.0
denzo,SPARX ESPORTS,0.529032258064516,14,286,0.3958333333333333,0.00133333333333333,0.5427782888684454,0.4999999999999999,0.0833333333333332,0.6190476190476191,0.88,0.005526315789473685,0.003404255319148936,26,197,233,35,43,64,0.8111888111888111
JESMUND,KOVA Esports,0.529032258064516,16,343,0.5937500000000001,0.005333333333333332,0.6310947562097518,0.5333333333333333,0.3125,0.1904761904761904,0.4,0.0060526315789473685,0.002127659574468084,22,242,233,80,21,33,0.9387755102040817
Bia,Team Lixa,0.529032258064516,21,446,0.5312500000000001,0.005333333333333332,0.5584176632934683,0.5499999999999999,0.1041666666666666,0.4761904761904761,0.28,0.0057894736842105275,0.002553191489361702,26,323,331,60,53,32,0.8587443946188341
roxie,Wave Esports,0.5225806451612903,20,424,0.5937500000000001,0.005999999999999997,0.5860165593376265,0.5333333333333333,0.375,0.2857142857142857,0.4,0.008157894736842105,0.00425531914893617,23,301,290,109,32,42,0.9669811320754716
Dext,Arctic Gaming,0.5225806451612903,12,275,0.5104166666666666,0.004666666666666668,0.5538178472861086,0.5333333333333333,0.2708333333333332,0.2857142857142857,0.36,0.006578947368421052,0.004042553191489362,20,194,203,58,23,24,0.9163636363636364
loWel,Team Heretics,0.5225806451612903,11,246,0.875,0.008333333333333335,0.5519779208831648,0.6,0.3125,0.2380952380952381,0.16,0.0057894736842105275,0.002340425531914894,23,184,140,56,16,11,0.975609756097561
hastack,BISONS ECLUB,0.5225806451612903,11,232,0.5416666666666666,0.004333333333333331,0.5942962281508741,0.5166666666666667,0.2083333333333333,0.3333333333333333,0.36,0.003947368421052631,0.004042553191489362,27,162,163,41,22,22,0.875
MOJJ,Futbolist,0.5225806451612903,19,395,0.6250000000000001,0.007000000000000002,0.6117755289788409,0.5333333333333333,0.3541666666666666,0.2857142857142857,0.32,0.0060526315789473685,0.002340425531914894,21,280,262,100,33,33,0.9620253164556962
bucher,FOKUS,0.5161290322580646,22,463,0.7499999999999998,0.005999999999999997,0.5565777368905245,0.6,0.1666666666666666,0.2380952380952381,0.16,0.007631578947368421,0.003404255319148936,27,346,290,74,31,20,0.9071274298056156
SH0UTy,Entropiq,0.5161290322580646,17,386,0.5729166666666666,0.006666666666666665,0.5712971481140754,0.5333333333333333,0.5,0.2857142857142857,0.32,0.004736842105263157,0.002978723404255319,26,275,269,125,31,31,1.0362694300518134
AKIMB0,who cars?,0.5161290322580646,16,344,0.5625000000000001,0.004666666666666668,0.5924563017479303,0.5166666666666667,0.3541666666666666,0.1904761904761904,0.16,0.003947368421052631,0.002340425531914894,24,241,239,85,22,13,0.9476744186046512
meisoN,BISONS ECLUB,0.5161290322580646,11,232,0.5104166666666666,0.005,0.5473781048758051,0.5333333333333333,0.3125,0.3333333333333333,0.48,0.0060526315789473685,0.0027659574468085106,23,164,171,53,22,28,0.9353448275862069
snikk,Anonymo Esports,0.5096774193548387,28,595,0.5208333333333334,0.005333333333333332,0.5400183992640295,0.5166666666666667,0.3541666666666666,0.3333333333333333,0.44,0.004736842105263157,0.00425531914893617,28,414,427,148,56,67,0.9445378151260504
kAdavra,Team Vitality,0.5096774193548387,14,297,0.6458333333333334,0.007000000000000002,0.580496780128795,0.5666666666666668,0.375,0.3333333333333333,0.24,0.00631578947368421,0.003404255319148936,24,217,199,76,27,19,0.9865319865319865
KRAY,TENSTAR,0.5096774193548387,24,468,0.6458333333333334,0.005999999999999997,0.5887764489420424,0.5666666666666668,0.3541666666666666,0.2857142857142857,0.36,0.0057894736842105275,0.003191489361702128,23,341,312,115,39,40,0.9743589743589743
Stix,AWARIA,0.503225806451613,28,588,0.6041666666666669,0.006333333333333333,0.5878564857405706,0.5166666666666667,0.4166666666666666,0.2857142857142857,0.28,0.0057894736842105275,0.002127659574468084,25,414,396,165,47,41,0.9846938775510204
Extreme,Movistar Riders,0.503225806451613,12,247,0.46875,0.003666666666666667,0.5602575896964124,0.5166666666666667,0.1458333333333333,0.6666666666666666,0.36,0.003947368421052631,0.000212765957446808,23,172,186,38,39,23,0.8502024291497976
Epzz,Angry Titans,0.496774193548387,19,394,0.5312500000000001,0.006333333333333333,0.5952161913523459,0.45,0.5,0.1904761904761904,0.16,0.00368421052631579,0.002553191489361702,30,262,266,128,22,17,0.9898477157360406
logaN,Team BDS,0.496774193548387,23,515,0.5937500000000001,0.00733333333333333,0.5786568537258512,0.5166666666666667,0.2708333333333332,0.380952380952381,0.32,0.00631578947368421,0.0027659574468085106,28,362,347,108,50,39,0.912621359223301
MONSTEERR,Giants Gaming,0.496774193548387,12,265,0.6250000000000001,0.005333333333333332,0.5942962281508741,0.4999999999999999,0.2499999999999999,0.1428571428571428,0.32,0.005,0.004893617021276595,22,184,172,53,12,20,0.8943396226415095
MARCTYLINHO,Sector One France,0.4903225806451613,23,521,0.6666666666666669,0.007000000000000002,0.5326586936522542,0.5166666666666667,0.5416666666666666,0.0952380952380952,0.16,0.00368421052631579,0.002127659574468084,26,363,328,175,22,21,1.0326295585412668
iDex,Sector One France,0.4903225806451613,23,521,0.4583333333333333,0.005333333333333332,0.5538178472861086,0.4999999999999999,0.1249999999999999,0.5238095238095238,0.52,0.006578947368421052,0.0027659574468085106,27,357,392,73,67,69,0.8253358925143954
fxy0,OG,0.4903225806451613,18,394,0.4583333333333333,0.006666666666666665,0.4931002759889604,0.4333333333333334,0.8749999999999999,0.2380952380952381,0.36,0.004736842105263157,0.000851063829787234,23,257,283,197,29,35,1.1522842639593909
JN3v1cEEE,Fire Flux Esports,0.4903225806451613,21,434,0.6250000000000001,0.007000000000000002,0.5262189512419504,0.5333333333333333,0.3125,0.3333333333333333,0.36,0.004736842105263157,0.000851063829787234,21,306,287,98,37,39,0.9308755760368663
Jlerst,Surreal Esports,0.4903225806451613,24,528,0.6250000000000001,0.007666666666666666,0.5105795768169274,0.5333333333333333,0.6249999999999999,0.2380952380952381,0.24,0.0060526315789473685,0.003617021276595745,27,376,350,203,39,32,1.0965909090909092
Masked,who cars?,0.4838709677419354,16,344,0.4999999999999999,0.003999999999999999,0.5354185832566698,0.4999999999999999,0.3958333333333333,0.380952380952381,0.48,0.0060526315789473685,0.002553191489361702,31,239,251,93,35,40,0.9651162790697675
Barcode,Gamerland Outlaws (ex),0.4774193548387097,15,340,0.5729166666666666,0.0056666666666666645,0.5151793928242872,0.4999999999999999,0.2291666666666666,0.4285714285714286,0.48,0.0044736842105263155,0.003617021276595745,27,236,232,66,37,42,0.888235294117647
skylen,Fire Flux Esports,0.4774193548387097,1,18,0.8645833333333333,0.01,0.5915363385464583,0.5499999999999999,1.0,0.1904761904761904,0.0,0.004210526315789474,0.01,13,13,10,10,1,0,1.2777777777777777
farewell,Team Lixa,0.4774193548387097,21,446,0.3541666666666667,0.004666666666666668,0.6053357865685376,0.4166666666666666,0.3541666666666666,0.3333333333333333,0.32,0.0057894736842105275,0.001063829787234042,20,286,354,112,38,36,0.8923766816143498
10K,Dsyre,0.4709677419354839,14,311,0.4479166666666667,0.005333333333333332,0.5593376264949403,0.4333333333333334,0.6041666666666666,0.2857142857142857,0.36,0.0057894736842105275,0.001489361702127659,22,203,225,114,25,27,1.0192926045016077
memset,MOUZ,0.4709677419354839,19,417,0.6250000000000001,0.006333333333333333,0.5409383624655015,0.5166666666666667,0.2291666666666666,0.2857142857142857,0.32,0.007105263157894737,0.002340425531914894,25,293,274,80,35,35,0.894484412470024
AFoxx,Angry Titans,0.4709677419354839,19,394,0.6145833333333334,0.0056666666666666645,0.5648574057037721,0.5666666666666668,0.0416666666666666,0.4285714285714286,0.32,0.00868421052631579,0.001063829787234042,28,286,271,41,44,33,0.8299492385786802
SoOn,CGN Esports,0.4709677419354839,14,275,0.4999999999999999,0.004333333333333331,0.517939282428703,0.4666666666666667,0.1249999999999999,0.5238095238095238,0.6,0.0044736842105263155,0.002340425531914894,25,183,193,38,36,40,0.8036363636363636
re1sxd,Thunderbolts Gaming,0.4709677419354839,23,481,0.4999999999999999,0.005999999999999997,0.5298988040478381,0.4666666666666667,0.4374999999999999,0.2857142857142857,0.28,0.00368421052631579,0.003404255319148936,30,324,342,139,40,35,0.9625779625779626
Amilwa,MOUZ,0.464516129032258,19,417,0.6250000000000001,0.00733333333333333,0.5298988040478381,0.4666666666666667,0.4583333333333332,0.0952380952380952,0.24,0.006842105263157895,0.002127659574468084,28,281,262,126,18,27,0.9760191846522782
ara,KTRL,0.464516129032258,4,75,0.28125,0.001000000000000003,0.580496780128795,0.3666666666666666,0.3333333333333332,0.4761904761904761,1.0,0.004210526315789474,0.002631366860090264,18,46,62,18,9,19,0.8533333333333334
hasaa,Entropiq,0.464516129032258,17,386,0.5625000000000001,0.005333333333333332,0.5216191352345907,0.5166666666666667,0.2916666666666666,0.2380952380952381,0.32,0.005263157894736842,0.002127659574468084,31,271,268,86,28,31,0.9248704663212435
PHYRN,KOI,0.464516129032258,14,320,0.5937500000000001,0.006666666666666665,0.5409383624655015,0.4666666666666667,0.3541666666666666,0.0952380952380952,0.28,0.0028947368421052633,0.0027659574468085106,26,215,207,79,13,22,0.91875
Phatt,UCAM Tokiers,0.464516129032258,14,308,0.4999999999999999,0.006666666666666665,0.4820607175712972,0.4999999999999999,0.6249999999999999,0.2857142857142857,0.28,0.005526315789473685,0.0006382978723404251,21,211,222,117,24,23,1.0649350649350648
Bard0lf,Team Lixa ,0.464516129032258,10,214,0.4895833333333332,0.005999999999999997,0.5225390984360627,0.45,0.6458333333333333,0.0952380952380952,0.24,0.00868421052631579,0.0027659574468085106,24,141,150,83,8,13,1.0467289719626167
Feeqn,Wave Esports,0.4580645161290323,20,424,0.5625000000000001,0.006333333333333333,0.5271389144434224,0.4166666666666666,0.4791666666666666,0.2857142857142857,0.28,0.004210526315789474,0.002340425531914894,25,271,268,130,36,28,0.9457547169811321
smz,SPARX ESPORTS,0.4580645161290323,14,286,0.3958333333333333,0.0029999999999999983,0.5372585096596139,0.4333333333333334,0.1458333333333333,0.2857142857142857,0.4,0.0057894736842105275,0.004042553191489362,20,187,221,44,23,29,0.8076923076923077
crazyd33R,Gamerland Outlaws,0.4580645161290323,15,340,0.4583333333333333,0.005999999999999997,0.5105795768169274,0.4333333333333334,0.375,0.3333333333333333,0.24,0.0044736842105263155,0.001702127659574468,30,222,245,87,29,19,0.9088235294117647
Yuta,WYLDE,0.4580645161290323,14,292,0.3541666666666667,0.001999999999999999,0.4958601655933765,0.4333333333333334,0.0416666666666666,0.7619047619047619,0.8,0.007631578947368421,0.004468085106382978,24,191,237,29,52,59,0.7534246575342466
GatsH,Rebels Gaming,0.4580645161290323,22,454,0.6250000000000001,0.00733333333333333,0.5151793928242872,0.4999999999999999,0.375,0.2857142857142857,0.32,0.0044736842105263155,0.002340425531914894,23,314,294,119,37,37,0.9537444933920705
mikigoalie,KTRL (si),0.4516129032258064,7,142,0.4270833333333333,0.003333333333333335,0.5059797608095677,0.45,0.1874999999999999,0.2857142857142857,0.56,0.004736842105263157,0.002553191489361702,17,94,107,24,12,20,0.8309859154929577
jbzz,Mandatory,0.4516129032258064,14,312,0.28125,0.003999999999999999,0.5317387304507821,0.35,0.2708333333333332,0.380952380952381,0.64,0.001842105263157894,0.000851063829787234,23,187,253,65,31,50,0.8076923076923077
HyP,Mandatory,0.4516129032258064,14,312,0.4166666666666667,0.005999999999999997,0.4572217111315548,0.4166666666666666,0.7291666666666665,0.4761904761904761,0.44,0.0028947368421052633,0.004042553191489362,29,200,231,133,37,35,1.0673076923076923
SouhcNi,Fire Flux Esports,0.4516129032258064,21,434,0.6041666666666669,0.007000000000000002,0.5271389144434224,0.4833333333333335,0.3333333333333332,0.3333333333333333,0.48,0.0057894736842105275,0.0053191489361702135,23,295,280,104,39,51,0.9193548387096774
Happen,Ovation eSports,0.4451612903225806,14,290,0.4479166666666667,0.003999999999999999,0.5298988040478381,0.4166666666666666,0.4166666666666666,0.2380952380952381,0.24,0.003947368421052631,0.001702127659574468,27,187,207,80,20,18,0.9206896551724137
matti,NOM eSports,0.4451612903225806,23,501,0.5520833333333334,0.006333333333333333,0.5280588776448945,0.4333333333333334,0.4166666666666666,0.2380952380952381,0.32,0.0044736842105263155,0.004680851063829787,24,327,328,142,33,41,0.936127744510978
Hitch,NOM eSports,0.4451612903225806,23,501,0.4479166666666667,0.006333333333333333,0.5455381784728612,0.3833333333333334,0.5208333333333333,0.2380952380952381,0.28,0.002631578947368421,0.003404255319148936,23,312,347,165,35,37,0.9520958083832335
Dawn,WYLDE,0.4451612903225806,14,292,0.4895833333333332,0.0056666666666666645,0.5216191352345907,0.4833333333333335,0.3958333333333333,0.1428571428571428,0.16,0.007105263157894737,0.002127659574468084,24,198,211,78,14,13,0.9452054794520548
Newzera,WYLDE,0.4451612903225806,14,292,0.5208333333333334,0.005999999999999997,0.4572217111315548,0.45,0.2708333333333332,0.1428571428571428,0.24,0.007894736842105262,0.001276595744680851,23,194,200,61,14,18,0.8732876712328768
l0udly,Arctic Gaming,0.4451612903225806,12,275,0.3749999999999999,0.005,0.5676172953081877,0.3333333333333332,0.6249999999999999,0.1904761904761904,0.48,0.0044736842105263155,0.001276595744680851,23,162,196,105,16,32,0.9709090909090909
Theia,FenerbahÃ§e Esports,0.4451612903225806,8,183,0.3125,0.0029999999999999983,0.5538178472861086,0.3666666666666666,0.2083333333333333,0.4761904761904761,0.8,0.003421052631578947,0.004042553191489362,23,112,145,33,22,36,0.7923497267759563
Vbbooy,Valar Morghulis,0.432258064516129,14,314,0.3541666666666667,0.004333333333333331,0.4793008279668813,0.3666666666666666,0.4583333333333332,0.3333333333333333,0.4,0.003157894736842105,0.001489361702127659,21,193,238,95,27,32,0.9171974522292994
NRK,Valar Morghulis,0.432258064516129,14,314,0.4062499999999999,0.005333333333333332,0.5041398344066239,0.4166666666666666,0.3125,0.4761904761904761,0.56,0.005263157894736842,0.0,27,200,233,72,37,44,0.8662420382165605
M4CHINA,Tundra Esports,0.432258064516129,25,533,0.5312500000000001,0.0056666666666666645,0.5087396504139836,0.4333333333333334,0.4583333333333332,0.2380952380952381,0.36,0.00631578947368421,0.000212765957446808,22,349,357,161,36,46,0.9568480300187617
SEIDER,Alliance,0.432258064516129,23,483,0.6145833333333334,0.005999999999999997,0.4829806807727692,0.4833333333333335,0.5208333333333333,0.3333333333333333,0.36,0.007631578947368421,0.003829787234042552,24,329,309,161,43,45,1.0144927536231885
Jakexd,Team Heretics,0.432258064516129,6,128,0.3854166666666666,0.003666666666666667,0.517939282428703,0.4,0.4583333333333332,0.5238095238095238,0.36,0.006578947368421052,0.002631366860090264,20,81,97,39,16,12,0.9375
RECIDENT,Team Finest,0.4258064516129033,19,411,0.5104166666666666,0.005999999999999997,0.5234590616375348,0.45,0.3958333333333333,0.1428571428571428,0.24,0.008157894736842105,0.002127659574468084,25,272,284,110,22,25,0.9294403892944039
eXampL,Anorthosis Famagusta Esports,0.4258064516129033,21,432,0.4583333333333333,0.0056666666666666645,0.5142594296228153,0.4166666666666666,0.5,0.1904761904761904,0.16,0.005526315789473685,0.002978723404255319,22,275,301,139,25,16,0.9583333333333334
thebigfiz,beGenius ESC,0.4258064516129033,18,383,0.4895833333333332,0.006333333333333333,0.4655013799448022,0.45,0.3541666666666666,0.380952380952381,0.28,0.0057894736842105275,0.002340425531914894,23,253,268,95,37,28,0.9086161879895561
Bati,H2O,0.4258064516129033,16,325,0.28125,0.004333333333333331,0.5492180312787489,0.2833333333333334,0.6458333333333333,0.2380952380952381,0.36,0.004210526315789474,0.000851063829787234,21,181,246,126,22,28,0.9446153846153846
Mykoz,FenerbahÃ§e Esports,0.4258064516129033,16,350,0.3854166666666666,0.003999999999999999,0.4875804967801289,0.4333333333333334,0.375,0.3333333333333333,0.44,0.0060526315789473685,0.003191489361702128,26,226,268,91,31,38,0.9057142857142857
p0wa77,Futbolist,0.4258064516129033,16,328,0.5312500000000001,0.005999999999999997,0.4903403863845448,0.45,0.375,0.2380952380952381,0.44,0.006842105263157895,0.003829787234042552,22,217,221,86,23,37,0.9237804878048781
Matrix,Ovation eSports,0.4193548387096774,14,290,0.3749999999999999,0.004666666666666668,0.4774609015639375,0.3666666666666666,0.5,0.1428571428571428,0.36,0.004210526315789474,0.002127659574468084,23,176,211,93,14,25,0.9275862068965517
fanboy,Anorthosis Famagusta Esports,0.4193548387096774,4,83,0.4791666666666667,0.002333333333333334,0.392824287028519,0.4999999999999999,0.0,0.2857142857142857,0.48,0.003157894736842105,0.002340425531914894,20,57,61,7,7,10,0.7710843373493976
OniBy,OG,0.4193548387096774,18,394,0.5937500000000001,0.007999999999999998,0.5032198712051519,0.4333333333333334,0.5,0.2380952380952381,0.2,0.00631578947368421,0.002978723404255319,22,255,246,126,28,19,0.9670050761421319
Davidp,beGenius ESC (si),0.4193548387096774,12,278,0.5729166666666666,0.007999999999999998,0.5114995400183993,0.4,0.6666666666666666,0.1428571428571428,0.32,0.003157894736842105,0.002978723404255319,24,175,171,111,15,22,1.0287769784172662
Neit,BISONS ECLUB,0.4193548387096774,11,232,0.4062499999999999,0.005333333333333332,0.4480220791168354,0.4166666666666666,0.2499999999999999,0.2857142857142857,0.32,0.0057894736842105275,0.001063829787234042,21,149,174,46,18,18,0.8405172413793104
RAYZZ,Movistar Riders,0.4193548387096774,12,247,0.3541666666666667,0.003333333333333335,0.454461821527139,0.3833333333333334,0.4374999999999999,0.380952380952381,0.48,0.005,0.000425531914893617,21,154,189,71,25,29,0.9109311740890689
SoyeR,FenerbahÃ§e Esports,0.4193548387096774,6,118,0.4062499999999999,0.001999999999999999,0.5105795768169274,0.45,0.1041666666666666,0.2857142857142857,0.48,0.00631578947368421,0.002127659574468084,22,78,91,15,10,14,0.788135593220339
HearThBeaT,Angry Titans,0.4129032258064516,19,394,0.4479166666666667,0.006333333333333333,0.4811407543698254,0.4166666666666666,0.5624999999999999,0.2857142857142857,0.44,0.005263157894736842,0.004468085106382978,22,251,280,138,32,42,0.9873096446700508
Pjotr,Entropiq,0.4129032258064516,17,386,0.4479166666666667,0.006666666666666665,0.455381784728611,0.4166666666666666,0.5624999999999999,0.4761904761904761,0.44,0.004736842105263157,0.001914893617021276,24,246,272,134,45,42,0.9844559585492227
ozzy,EXCEL,0.4129032258064516,29,591,0.5520833333333334,0.007999999999999998,0.4627414903403863,0.4333333333333334,0.6041666666666666,0.2380952380952381,0.28,0.004736842105263157,0.00574468085106383,25,384,384,219,39,40,1.0203045685279188
UNCAGED,KTRL,0.4064516129032257,4,75,0.3333333333333333,0.003666666666666667,0.4397424103035878,0.4166666666666666,0.1874999999999999,0.1428571428571428,0.36,0.008157894736842105,0.002631366860090264,14,48,61,13,4,7,0.8133333333333334
adm1k,Anonymo Esports,0.4064516129032257,28,595,0.4791666666666667,0.005999999999999997,0.4977000919963201,0.4,0.4374999999999999,0.2857142857142857,0.32,0.004736842105263157,0.003617021276595745,29,372,401,173,46,48,0.9159663865546218
HUMANZ,Arctic Gaming,0.4064516129032257,12,275,0.5104166666666666,0.005999999999999997,0.467341306347746,0.4333333333333334,0.5624999999999999,0.1428571428571428,0.2,0.007894736842105262,0.003617021276595745,22,180,188,95,15,14,1.0
gosaydam,Galatasaray Esports,0.4064516129032257,18,412,0.3854166666666666,0.003333333333333335,0.4710211591536339,0.4,0.2916666666666666,0.4761904761904761,0.68,0.003421052631578947,0.000851063829787234,24,260,308,92,51,70,0.8543689320388349
ALMO,NOM eSports,0.4,23,501,0.4270833333333333,0.004666666666666668,0.4958601655933765,0.4166666666666666,0.4791666666666666,0.2857142857142857,0.44,0.005263157894736842,0.001276595744680851,24,320,365,154,41,54,0.9461077844311377
Knox,KTRL (ex),0.3935483870967741,11,226,0.1875,0.000333333333333334,0.4664213431462742,0.3166666666666666,0.2083333333333333,0.7142857142857143,0.88,0.005526315789473685,0.001276595744680851,21,132,204,40,38,49,0.7610619469026548
Zik,Alliance,0.3935483870967741,23,483,0.5416666666666666,0.0056666666666666645,0.4710211591536339,0.4166666666666666,0.6666666666666666,0.2380952380952381,0.4,0.006578947368421052,0.0027659574468085106,22,309,313,194,35,50,1.041407867494824
shrew,KOI,0.3935483870967741,14,320,0.5625000000000001,0.007000000000000002,0.4415823367065319,0.4666666666666667,0.5,0.1428571428571428,0.24,0.005263157894736842,0.001702127659574468,23,213,211,103,15,19,0.9875
Jesse,Giants Gaming,0.3935483870967741,12,265,0.4270833333333333,0.005999999999999997,0.5409383624655015,0.4,0.6249999999999999,0.2380952380952381,0.36,0.006578947368421052,0.001063829787234042,20,166,189,101,18,25,1.0075471698113208
Bromas,Team Heretics,0.3935483870967741,11,246,0.4791666666666667,0.006666666666666665,0.4701011959521619,0.3833333333333334,0.5,0.0952380952380952,0.4,0.005,0.003404255319148936,23,153,164,79,9,24,0.943089430894309
Maiko,Thunderbolts Gaming,0.3935483870967741,6,135,0.3333333333333333,0.003666666666666667,0.4296228150873966,0.4,0.2499999999999999,0.1904761904761904,0.4,0.0044736842105263155,0.002553191489361702,22,85,108,27,8,14,0.8296296296296296
mkLx,Anorthosis Famagusta Esports,0.3870967741935484,4,83,0.3854166666666666,0.005999999999999997,0.5197792088316469,0.4166666666666666,0.5208333333333333,0.1904761904761904,0.4,0.007105263157894737,0.002631366860090264,19,53,63,27,5,8,0.963855421686747
KONEQT,Sector One France,0.3870967741935484,23,521,0.4583333333333333,0.005999999999999997,0.4195032198712052,0.4,0.375,0.2380952380952381,0.28,0.005526315789473685,0.001702127659574468,29,329,360,133,36,34,0.8867562380038387
GillianH,Valar Morghulis,0.3870967741935484,14,314,0.3541666666666667,0.005333333333333332,0.4931002759889604,0.3666666666666666,0.3958333333333333,0.1904761904761904,0.28,0.005526315789473685,0.001489361702127659,20,190,234,86,20,23,0.8789808917197452
Marw0ll,Galakticos,0.3870967741935484,6,139,0.3854166666666666,0.005,0.4415823367065319,0.3833333333333334,0.5,0.2857142857142857,0.48,0.0060526315789473685,0.002631366860090264,27,86,102,45,11,16,0.9424460431654677
Iroh,Galatasaray Esports,0.3870967741935484,18,412,0.3958333333333333,0.0056666666666666645,0.437902483900644,0.3666666666666666,0.5416666666666666,0.2857142857142857,0.32,0.003947368421052631,0.002340425531914894,21,251,294,142,31,31,0.9538834951456311
jeyj7y,Surreal Esports,0.3870967741935484,24,528,0.4583333333333333,0.007000000000000002,0.4682612695492181,0.3666666666666666,0.6458333333333333,0.2380952380952381,0.4,0.0057894736842105275,0.00574468085106383,25,322,355,208,37,53,1.003787878787879
Kryptix,MOUZ,0.3806451612903226,19,417,0.5833333333333334,0.006666666666666665,0.4636614535418584,0.4166666666666666,0.4166666666666666,0.0476190476190476,0.24,0.004736842105263157,0.002553191489361702,28,268,260,115,14,25,0.9184652278177458
ShadoW,Team Vitality,0.3806451612903226,14,297,0.5312500000000001,0.005999999999999997,0.4802207911683533,0.3666666666666666,0.4583333333333332,0.1904761904761904,0.36,0.004210526315789474,0.001702127659574468,23,182,186,89,18,28,0.9124579124579124
starkk,KOI,0.3806451612903226,14,320,0.4999999999999999,0.005999999999999997,0.4305427782888684,0.4333333333333334,0.4166666666666666,0.4285714285714286,0.32,0.0060526315789473685,0.001914893617021276,25,209,219,88,34,24,0.928125
Ease,UCAM Tokiers,0.3806451612903226,14,308,0.46875,0.0056666666666666645,0.4250229990800369,0.4333333333333334,0.4583333333333332,0.2380952380952381,0.32,0.0060526315789473685,0.001914893617021276,22,199,217,93,23,26,0.948051948051948
bonkar,Tundra Esports,0.3741935483870967,25,533,0.5208333333333334,0.006666666666666665,0.4397424103035878,0.3666666666666666,0.5,0.1428571428571428,0.28,0.002631578947368421,0.002553191489361702,22,326,336,173,27,38,0.9362101313320825
Nille,Tundra Esports,0.3741935483870967,25,533,0.5625000000000001,0.005,0.4609015639374425,0.4333333333333334,0.1874999999999999,0.1428571428571428,0.28,0.003947368421052631,0.001063829787234042,25,344,339,89,26,37,0.8123827392120075
FOXIE,Team Queso,0.3741935483870967,12,238,0.4062499999999999,0.004666666666666668,0.4645814167433304,0.3666666666666666,0.375,0.3333333333333333,0.44,0.005263157894736842,0.001702127659574468,17,146,170,62,21,25,0.8739495798319328
litshii,Angry Titans,0.367741935483871,19,394,0.3541666666666667,0.004666666666666668,0.4443422263109475,0.35,0.5624999999999999,0.2380952380952381,0.48,0.003947368421052631,0.0053191489361702135,23,237,293,137,26,47,0.949238578680203
Ale,KOVA Esports,0.367741935483871,16,343,0.3749999999999999,0.005333333333333332,0.4103035878564858,0.3666666666666666,0.5833333333333333,0.3333333333333333,0.44,0.003947368421052631,0.003829787234042552,24,209,252,124,30,37,0.9708454810495627
HaxZorus,SPARX ESPORTS,0.3612903225806451,14,286,0.2916666666666666,0.0029999999999999983,0.4452621895124196,0.2833333333333334,0.4166666666666666,0.1904761904761904,0.28,0.005263157894736842,0.000425531914893617,17,160,212,79,17,19,0.8356643356643356
Bgg,Wave Esports,0.3548387096774194,20,424,0.5520833333333334,0.007000000000000002,0.4038638454461822,0.3666666666666666,0.5,0.2380952380952381,0.36,0.0060526315789473685,0.001914893617021276,17,258,258,136,28,39,0.9292452830188679
ROUSIK,Entropiq,0.3548387096774194,17,386,0.3645833333333332,0.007000000000000002,0.4645814167433304,0.2833333333333334,0.6041666666666666,0.1904761904761904,0.36,0.004736842105263157,0.002553191489361702,20,215,261,143,24,35,0.927461139896373
dimaxx,UCAM Tokiers,0.3548387096774194,14,308,0.3020833333333333,0.004333333333333331,0.4397424103035878,0.2833333333333334,0.375,0.2380952380952381,0.36,0.004210526315789474,0.00553191489361702,18,173,229,81,22,29,0.8246753246753247
meloware,KTRL (ex),0.3483870967741936,11,226,0.3749999999999999,0.004666666666666668,0.4517019319227231,0.3666666666666666,0.2708333333333332,0.0952380952380952,0.16,0.005,0.001063829787234042,15,138,167,48,9,10,0.8230088495575221
YouBreak,AWARIA,0.3483870967741936,28,588,0.4270833333333333,0.006333333333333333,0.4305427782888684,0.35,0.4166666666666666,0.2380952380952381,0.28,0.004210526315789474,0.003829787234042552,23,355,405,166,39,44,0.8860544217687075
Fatiiiih,WYLDE,0.3483870967741936,14,292,0.2604166666666666,0.003999999999999999,0.455381784728611,0.2999999999999999,0.4791666666666666,0.380952380952381,0.8,0.006578947368421052,0.003191489361702128,19,165,229,91,29,57,0.8767123287671232
Vorwenn,BISONS ECLUB,0.3483870967741936,11,232,0.1979166666666667,0.003333333333333335,0.4185832566697334,0.2500000000000001,0.375,0.3333333333333333,0.76,0.003947368421052631,0.001276595744680851,26,126,191,60,21,44,0.8017241379310345
Leon,CGN Esports,0.3419354838709677,14,275,0.4270833333333333,0.005333333333333332,0.4167433302667893,0.3333333333333332,0.2708333333333332,0.2380952380952381,0.16,0.005,0.003404255319148936,18,163,186,58,19,12,0.8036363636363636
f3n1x,H2O,0.3419354838709677,16,325,0.2604166666666666,0.0029999999999999983,0.4323827046918125,0.3333333333333332,0.3125,0.2857142857142857,0.48,0.0044736842105263155,0.002340425531914894,24,191,267,76,25,40,0.8215384615384616
neptuNo,Case Esports,0.3419354838709677,22,471,0.4895833333333332,0.007000000000000002,0.4241030358785649,0.3666666666666666,0.3333333333333332,0.1904761904761904,0.32,0.004210526315789474,0.003617021276595745,23,288,307,112,29,39,0.8492569002123143
Phardon,H2O,0.335483870967742,16,325,0.2916666666666666,0.002333333333333334,0.4029438822447102,0.3333333333333332,0.1458333333333333,0.1904761904761904,0.48,0.005,0.002340425531914894,26,193,259,50,21,39,0.7476923076923077
JARLO,who cars?,0.335483870967742,16,344,0.2916666666666666,0.002666666666666666,0.409383624655014,0.2999999999999999,0.3541666666666666,0.3333333333333333,0.36,0.00368421052631579,0.001276595744680851,25,197,264,86,32,31,0.8226744186046512
KhA,Anorthosis Famagusta Esports,0.3225806451612903,21,432,0.4895833333333332,0.005333333333333332,0.4038638454461822,0.4,0.2291666666666666,0.0476190476190476,0.36,0.005,0.001489361702127659,19,271,288,81,11,39,0.8148148148148148
LowaN,Valar Morghulis,0.3225806451612903,14,314,0.3333333333333333,0.003333333333333335,0.4139834406623737,0.3166666666666666,0.3125,0.2380952380952381,0.4,0.005526315789473685,0.004468085106382978,23,182,231,72,22,30,0.8089171974522293
Br0die,TENSTAR,0.3225806451612903,24,468,0.4062499999999999,0.0056666666666666645,0.3827046918123276,0.3333333333333332,0.3541666666666666,0.3333333333333333,0.4,0.0057894736842105275,0.001702127659574468,23,274,319,117,43,47,0.8354700854700855
m1tez,Galakticos,0.3225806451612903,12,251,0.3645833333333332,0.003333333333333335,0.3808647654093837,0.35,0.3541666666666666,0.2857142857142857,0.48,0.006578947368421052,0.000425531914893617,24,150,184,64,20,29,0.852589641434263
SasuKe,Galakticos,0.3225806451612903,18,390,0.3125,0.004333333333333331,0.4397424103035878,0.2999999999999999,0.4166666666666666,0.1428571428571428,0.4,0.0057894736842105275,0.001914893617021276,22,224,290,108,19,40,0.8512820512820513
YoungOne,SPARX ESPORTS,0.3161290322580644,14,286,0.2604166666666666,0.0029999999999999983,0.3992640294388225,0.2666666666666667,0.3125,0.3333333333333333,0.28,0.003947368421052631,0.000212765957446808,17,157,218,67,27,21,0.7832167832167832
k1zpawnn,Team Queso,0.3161290322580644,12,238,0.3854166666666666,0.004666666666666668,0.3790248390064399,0.3166666666666666,0.3333333333333332,0.1428571428571428,0.32,0.0057894736842105275,0.004680851063829787,15,139,165,58,12,19,0.8277310924369747
HYPNO,KTRL,0.3096774193548387,4,75,0.1875,0.002333333333333334,0.3081876724931003,0.2833333333333334,0.1874999999999999,0.3333333333333333,0.52,0.005263157894736842,0.001702127659574468,13,42,65,13,7,10,0.7333333333333333
dothem,KTRL (ex),0.3096774193548387,11,226,0.3333333333333333,0.00133333333333333,0.3551057957681693,0.3666666666666666,0.1666666666666666,0.3333333333333333,0.4,0.007894736842105262,0.004042553191489362,21,137,174,37,20,22,0.7699115044247787
synsi,Team Finest (ex),0.3096774193548387,11,252,0.3854166666666666,0.0056666666666666645,0.4425022999080037,0.2666666666666667,0.5833333333333333,0.1904761904761904,0.2,0.004210526315789474,0.002127659574468084,22,138,164,90,16,12,0.9047619047619048
Jaf,H2O,0.3096774193548387,16,325,0.2708333333333333,0.0029999999999999983,0.3523459061637535,0.3166666666666666,0.4583333333333332,0.1904761904761904,0.32,0.0060526315789473685,0.0027659574468085106,19,187,257,97,19,25,0.8738461538461538
Rias,Movistar Riders,0.3096774193548387,12,247,0.3958333333333333,0.005,0.4461821527138916,0.2833333333333334,0.5208333333333333,0.0,0.12,0.005263157894736842,0.002978723404255319,16,139,164,81,6,8,0.8906882591093117
lyNxi,Rebels Gaming,0.3096774193548387,22,454,0.5104166666666666,0.007666666666666666,0.376264949402024,0.3666666666666666,0.4374999999999999,0.0952380952380952,0.16,0.0057894736842105275,0.0027659574468085106,23,275,287,132,18,18,0.8964757709251101
KnightVoice,SPARX ESPORTS,0.303225806451613,14,286,0.3229166666666667,0.003999999999999999,0.3652253909843608,0.3333333333333332,0.2291666666666666,0.2857142857142857,0.28,0.00736842105263158,0.002127659574468084,17,169,218,55,24,19,0.7832167832167832
iluri,FOKUS,0.303225806451613,22,463,0.4270833333333333,0.006666666666666665,0.375344986200552,0.3166666666666666,0.4583333333333332,0.1904761904761904,0.32,0.0060526315789473685,0.003404255319148936,23,267,305,137,29,35,0.8725701943844493
rodeN,Team BDS,0.303225806451613,23,515,0.3333333333333333,0.006333333333333333,0.376264949402024,0.2833333333333334,0.5624999999999999,0.2380952380952381,0.52,0.00368421052631579,0.001489361702127659,22,289,365,178,34,66,0.9067961165048544
Radski,London Esports,0.303225806451613,15,301,0.3437500000000001,0.003666666666666667,0.3863845446182155,0.2999999999999999,0.2083333333333333,0.2857142857142857,0.36,0.0060526315789473685,0.002553191489361702,20,173,215,53,25,27,0.7508305647840532
mertz,Team Heretics,0.2967741935483871,11,246,0.3749999999999999,0.005333333333333332,0.3422263109475622,0.3333333333333332,0.4583333333333332,0.2857142857142857,0.52,0.0060526315789473685,0.0027659574468085106,20,144,174,74,19,32,0.8861788617886179
mishu,who cars?,0.2903225806451613,16,344,0.2604166666666666,0.005333333333333332,0.4268629254829807,0.2333333333333334,0.5,0.1904761904761904,0.32,0.005526315789473685,0.002127659574468084,20,184,255,111,21,26,0.8575581395348837
Saiz,BISONS ECLUB,0.2903225806451613,11,232,0.2708333333333333,0.0029999999999999983,0.3468261269549219,0.2999999999999999,0.3541666666666666,0.1904761904761904,0.4,0.009736842105263158,0.002340425531914894,21,133,183,57,14,23,0.8189655172413793
Quick,Giants Gaming,0.2838709677419354,12,265,0.4166666666666667,0.005999999999999997,0.3781048758049679,0.2833333333333334,0.5833333333333333,0.1428571428571428,0.32,0.0060526315789473685,0.0,22,149,172,95,13,20,0.9207547169811321
SHALZ,FenerbahÃ§e Esports,0.2709677419354838,14,309,0.2604166666666666,0.004666666666666668,0.4176632934682613,0.2166666666666666,0.4791666666666666,0.0476190476190476,0.24,0.005263157894736842,0.002978723404255319,21,161,224,95,9,19,0.8284789644012945
mass3R,Dsyre,0.2580645161290323,14,311,0.2916666666666666,0.005,0.344986200551978,0.2333333333333334,0.4166666666666666,0.2380952380952381,0.32,0.004736842105263157,0.001702127659574468,24,166,222,86,22,26,0.8102893890675241
CREA,Mandatory,0.2580645161290323,14,312,0.3541666666666667,0.004333333333333331,0.3735050597976082,0.2999999999999999,0.2708333333333332,0.0952380952380952,0.36,0.0060526315789473685,0.003617021276595745,28,179,222,66,11,29,0.7852564102564102
Kuba,FOKUS,0.2387096774193547,8,167,0.4791666666666667,0.005333333333333332,0.3523459061637535,0.3333333333333332,0.3125,0.0476190476190476,0.32,0.005,0.001063829787234042,19,98,105,38,5,13,0.8143712574850299
Kiiyo,beGenius ESC (ex),0.2387096774193547,6,105,0.2291666666666666,0.003999999999999999,0.3440662373505061,0.2166666666666666,0.375,0.2380952380952381,0.36,0.005526315789473685,0.002340425531914894,14,55,80,27,7,9,0.780952380952381
xiTsha,Arctic Gaming (ex),0.2129032258064516,12,275,0.28125,0.005,0.3256669733210673,0.2500000000000001,0.4583333333333332,0.1904761904761904,0.28,0.00631578947368421,0.001702127659574468,17,149,202,82,16,19,0.84
logicman,Team Lixa,0.2129032258064516,11,232,0.2604166666666666,0.003666666666666667,0.3008279668813248,0.2500000000000001,0.2708333333333332,0.1428571428571428,0.36,0.006842105263157895,0.001914893617021276,18,126,176,49,12,22,0.7543103448275862
NowaXxZang,KTRL (ex),0.2064516129032257,4,84,0.15625,0.003666666666666667,0.2999080036798528,0.2,0.3541666666666666,0.1904761904761904,0.4,0.007105263157894737,0.002631366860090264,17,43,69,21,5,8,0.7619047619047619
styl1sh,KTRL,0.1999999999999999,4,75,0.1458333333333334,0.005999999999999997,0.3183072677092916,0.1333333333333333,0.5208333333333333,0.0476190476190476,0.16,0.0060526315789473685,0.002631366860090264,12,35,57,25,2,3,0.8
alddy,KTRL,0.1870967741935484,4,75,0.3020833333333333,0.005,0.2511499540018399,0.2833333333333334,0.0,0.0476190476190476,0.64,0.006842105263157895,0.003617021276595745,17,42,55,6,2,12,0.64
NKLS,Ovation eSports,0.1548387096774193,14,290,0.1354166666666666,0.002666666666666666,0.2548298068077278,0.1333333333333333,0.2291666666666666,0.2857142857142857,0.56,0.00368421052631579,0.000425531914893617,18,136,227,56,24,41,0.6620689655172414
John9,London Esports,0.1354838709677419,15,301,0.1979166666666667,0.001999999999999999,0.1904323827046918,0.1666666666666666,0.4374999999999999,0.2380952380952381,0.4,0.004210526315789474,0.002978723404255319,16,148,223,87,22,31,0.7807308970099668
RosÃ©,Fire Flux Esports,0.0967741935483871,2,44,0.1145833333333332,0.006666666666666665,0.2695492180312788,0.0666666666666666,0.3958333333333333,0.0,0.2,0.002368421052631578,0.01,10,19,33,12,1,2,0.7045454545454546
Faceroll,CGN Esports,0.0903225806451613,6,118,0.0729166666666667,0.003666666666666667,0.1775528978840846,0.0499999999999999,0.5833333333333333,0.0952380952380952,0.32,0.003421052631578947,0.000851063829787234,13,50,92,42,5,9,0.7796610169491526
corr0,Thunderbolts Gaming,0.0838709677419354,17,346,0.1979166666666667,0.005,0.1462741490340388,0.1333333333333333,0.6249999999999999,0.0952380952380952,0.28,0.003157894736842105,0.001702127659574468,16,163,248,130,13,24,0.846820809248555
afr0nfire,Surreal Esports,0.0258064516129031,1,21,0.2916666666666666,0.007666666666666666,0.140754369825207,0.0666666666666666,0.5208333333333333,0.380952380952381,0.76,0.002105263157894737,0.002631366860090264,9,9,12,7,2,4,0.7619047619047619
Zehradieux,London Esports (si),0.0064516129032258,1,17,0.0,0.0,0.0,0.0333333333333333,0.2083333333333333,0.1904761904761904,0.0,0.0,0.002631366860090264,7,7,15,3,1,0,0.5882352941176471
victorsoN,Gamerland Outlaws (ex),0.0,7,163,0.0520833333333334,0.001999999999999999,0.0827966881324747,0.0,0.3125,0.0476190476190476,0.32,0.005526315789473685,0.002631366860090264,18,64,124,38,5,13,0.6257668711656442
