Ign,Team,ACS,Matches,Rnd,K_D,KAST,ADR,KPR,APR,FKPR,FDPR,HSPercent,CLPercent,KMax,K,D,A,FK,FD,Kill_Participation
Lime,Angry Titans,1.0,19,394,0.9687499999999998,0.733333333333333,1.0,0.9833333333333333,0.2083333333333333,0.9047619047619048,0.52,0.631578947368421,0.29787234042553196,41,385,275,70,81,50,0.8216854716481826
keloqz,Team Heretics,1.0,5,118,0.9270833333333335,0.5666666666666664,0.9760809567617297,1.0,0.04166666666666666,0.8571428571428572,0.56,0.5789473684210528,0.7872340425531915,25,117,86,12,24,17,0.7323479797574103
kamo,NOM eSports,0.9612903225806452,23,501,0.7708333333333333,0.5999999999999996,0.9751609935602579,0.9166666666666666,0.2291666666666666,0.7619047619047619,0.68,0.5789473684210528,0.29787234042553196,32,469,389,94,92,84,0.7766268411045208
DeepMans,Wave Esports,0.9419354838709678,20,424,1.0,0.6666666666666665,0.9530818767249312,0.9666666666666667,0.1458333333333333,0.7142857142857143,0.36,0.6842105263157895,0.4042553191489362,34,413,288,63,74,37,0.7750156487525711
JUGi,FOKUS,0.9225806451612902,14,296,0.9791666666666665,0.7000000000000002,0.862925482980681,0.8666666666666668,0.24999999999999997,1.0,0.6,0.39473684210526316,0.3191489361702128,34,270,192,60,67,44,0.7637376713206098
marteen,Entropiq,0.9225806451612902,17,386,0.8229166666666665,0.733333333333333,0.8840846366145356,0.9,0.16666666666666666,0.8571428571428572,0.44,0.4736842105263157,0.3617021276595745,37,359,284,62,77,43,0.728654568671267
vakk,Team Vitality,0.9225806451612902,14,297,0.9166666666666667,0.6666666666666665,0.8997240110395588,0.8833333333333334,0.2083333333333333,0.7619047619047619,0.56,0.5,0.23404255319148942,29,272,202,53,54,41,0.7338790751113028
sociablEE,Fire Flux Esports,0.9161290322580645,23,478,0.7916666666666665,0.6666666666666665,0.9567617295308188,0.85,0.3125,0.7619047619047619,0.52,0.4473684210526315,0.17021276595744683,32,432,350,109,85,62,0.7882964167443337
H1BER,KOI,0.9096774193548388,14,320,0.7604166666666665,0.6333333333333333,0.9052437902483903,0.8333333333333334,0.3125,1.0,0.8,0.4473684210526315,0.553191489361702,33,286,239,73,73,64,0.7739040284360189
szimpli,Gamerland Outlaws (ex),0.9032258064516129,15,340,0.78125,0.7000000000000002,0.9126034958601656,0.8833333333333334,0.24999999999999997,0.8095238095238095,0.44,0.5789473684210528,0.17021276595744683,29,312,256,69,63,39,0.7720379146919433
DeadInk,Galakticos,0.8193548387096775,18,390,0.6458333333333334,0.5666666666666664,0.8408463661453545,0.7333333333333333,0.29166666666666663,0.7619047619047619,0.68,0.39473684210526316,0.12765957446808512,24,325,297,84,69,67,0.6678089682829021
Masic,Surreal Esports,0.8193548387096775,24,528,0.8541666666666667,0.7000000000000002,0.8583256669733212,0.7999999999999999,0.18749999999999997,0.6666666666666666,0.4,0.5,0.23404255319148942,33,461,358,92,83,51,0.6658229211546748
russ,Giants Gaming,0.8064516129032259,12,265,0.6770833333333336,0.6333333333333333,0.828886844526219,0.7499999999999999,0.35416666666666663,0.7142857142857143,0.56,0.763157894736842,0.2765957446808511,28,223,199,65,46,37,0.7230260216399894
Alfajer,Surreal Esports,0.7935483870967742,24,528,0.90625,0.7000000000000002,0.8252069917203313,0.8333333333333334,0.27083333333333326,0.5714285714285715,0.48,0.763157894736842,0.38297872340425526,34,468,350,109,73,63,0.7317427832830677
Muj,Futbolist,0.7806451612903226,3,67,0.84375,0.8333333333333335,0.7709291628334869,0.8166666666666668,0.5208333333333333,0.7619047619047619,0.4,0.4736842105263157,0.3617021276595745,24,59,46,22,12,7,0.900190988187027
qw1,Futbolist,0.7741935483870969,19,395,0.7499999999999998,0.5999999999999996,0.7644894204231831,0.7666666666666667,0.2083333333333333,0.8095238095238095,0.52,0.5263157894736842,0.2765957446808511,25,336,283,72,74,50,0.64488571599976
hype,Alliance,0.7677419354838709,23,483,0.90625,0.5666666666666664,0.7828886844526219,0.7666666666666667,0.2291666666666666,0.4285714285714286,0.36,0.5,0.3191489361702128,28,409,306,94,55,42,0.6572076182626357
Polvi,TENSTAR,0.7612903225806452,24,468,0.7187499999999999,0.5999999999999996,0.7782888684452622,0.7499999999999999,0.2291666666666666,0.7619047619047619,0.72,0.4473684210526315,0.23404255319148942,28,392,337,89,83,85,0.6374407582938387
VPNCNP,Thunderbolts Gaming,0.7612903225806452,23,481,0.6979166666666666,0.7000000000000002,0.7856485740570378,0.7333333333333333,0.3125,0.4285714285714286,0.28,0.5,0.25531914893617025,24,400,351,112,55,36,0.6906228138455629
MiniBoo,Arctic Gaming,0.7548387096774193,12,275,0.6770833333333336,0.5,0.7276908923643055,0.7333333333333333,0.08333333333333329,1.0,0.76,0.5789473684210528,0.574468085106383,28,229,205,33,63,53,0.5285997414907367
Fit1nho,Giants Gaming,0.7483870967741936,12,265,0.7916666666666665,0.5999999999999996,0.7598896044158234,0.7333333333333333,0.18749999999999997,0.6666666666666666,0.48,0.5,0.10638297872340426,28,221,180,45,42,33,0.6026289904319057
Maru,Dsyre,0.7419354838709676,14,311,0.7916666666666665,0.6333333333333333,0.796688132474701,0.7499999999999999,0.12499999999999997,0.2857142857142857,0.28,0.7105263157894737,0.425531914893617,30,260,212,44,25,21,0.5645144084972799
siJk,H2O (ex),0.7419354838709676,9,190,0.5208333333333334,0.2999999999999998,0.6862925482980682,0.7000000000000001,0.12499999999999997,0.8095238095238095,0.64,0.2894736842105263,0.08510638297872343,28,153,157,27,37,31,0.520828136692442
Filu,UCAM Tokiers,0.7419354838709676,14,308,0.6041666666666669,0.5,0.7166513339466423,0.7166666666666667,0.16666666666666666,0.8095238095238095,0.72,0.5789473684210528,0.3404255319148936,24,253,242,49,59,55,0.5689050286206686
Luzuh,MOUZ,0.7354838709677419,19,417,0.8229166666666665,0.6666666666666665,0.6936522539098438,0.7666666666666667,0.10416666666666666,0.8095238095238095,0.64,0.39473684210526316,0.17021276595744683,38,353,280,53,80,67,0.5589007467012174
yetujey,Fire Flux Esports,0.7225806451612903,2,44,0.8854166666666667,0.3666666666666667,0.7433302667893287,0.7499999999999999,0.2083333333333333,0.5714285714285715,0.28,0.5263157894736842,0.21276595744680848,19,37,28,8,6,3,0.6301163291684618
Yacine,Tundra Esports,0.7161290322580646,25,533,0.5833333333333334,0.5666666666666664,0.7479300827966884,0.6333333333333334,0.3125,0.9523809523809524,0.76,0.42105263157894746,0.12765957446808512,23,410,399,122,115,99,0.5944355032321741
vo0kashu,Rebels Gaming,0.7096774193548386,22,454,0.8541666666666667,0.8333333333333335,0.7819687212511501,0.65,0.39583333333333337,0.23809523809523814,0.32,0.4736842105263157,0.21276595744680848,33,355,276,123,34,35,0.6738209073637179
xuss,Anonymo Esports,0.7032258064516129,28,595,0.6458333333333334,0.5666666666666664,0.7258509659613617,0.7166666666666667,0.24999999999999997,0.5238095238095238,0.56,0.5263157894736842,0.19148936170212766,27,490,449,120,79,83,0.6337169939065673
Haxtrax,Gamerland Outlaws,0.7032258064516129,8,177,0.8958333333333333,0.733333333333333,0.8086476540938365,0.7166666666666667,0.41666666666666663,0.23809523809523814,0.28,0.631578947368421,0.3617021276595745,34,145,109,49,13,13,0.73644469435296
juseu,Team BDS,0.7032258064516129,23,515,0.7916666666666665,0.5999999999999996,0.6899724011039561,0.7666666666666667,0.10416666666666666,0.7619047619047619,0.68,0.5789473684210528,0.6595744680851064,32,439,358,67,95,86,0.5718124511112134
elllement,EXCEL,0.7032258064516129,29,591,0.8125,0.6333333333333333,0.7617295308187675,0.7499999999999999,0.16666666666666666,0.7142857142857143,0.56,0.5526315789473685,0.46808510638297873,27,497,399,95,99,83,0.599610267760483
Sacake,KOI,0.7032258064516129,14,320,0.6041666666666669,0.7000000000000002,0.7930082796688134,0.5833333333333334,0.7499999999999999,0.2857142857142857,0.36,0.42105263157894746,0.25531914893617025,21,236,224,142,27,28,0.8600118483412321
jannyXD,Rebels Gaming,0.7032258064516129,22,454,0.7604166666666665,0.7666666666666666,0.6862925482980682,0.7333333333333333,0.1458333333333333,0.7619047619047619,0.6,0.5263157894736842,0.4042553191489362,28,378,315,70,80,66,0.5779902707894023
Katu,AWARIA,0.6967741935483872,28,588,0.7291666666666666,0.6666666666666665,0.7470101195952161,0.7166666666666667,0.33333333333333326,0.47619047619047616,0.4,0.631578947368421,0.10638297872340426,28,485,416,144,70,58,0.6982783634780926
ALIVE,Team Finest,0.6967741935483872,19,411,0.7187499999999999,0.5333333333333332,0.7111315547378108,0.7166666666666667,0.1458333333333333,0.9047619047619048,0.56,0.4736842105263157,0.2765957446808511,32,338,291,60,88,57,0.5512851558446051
Theow,Anorthosis Famagusta Esports,0.6967741935483872,21,432,0.5416666666666666,0.5333333333333332,0.7184912603495861,0.6166666666666668,0.27083333333333326,0.8095238095238095,0.68,0.39473684210526316,0.2765957446808511,27,328,332,92,81,72,0.556872037914692
mikee,WYLDE,0.6903225806451613,14,292,0.6874999999999999,0.5666666666666664,0.8169273229070839,0.7000000000000001,0.29166666666666663,0.14285714285714288,0.28,0.6052631578947368,0.38297872340425526,32,236,209,63,16,20,0.6319223527884178
Goaster,Sector One France,0.6838709677419356,23,521,0.6874999999999999,0.5999999999999996,0.738730450781969,0.6833333333333335,0.2083333333333333,0.8095238095238095,0.72,0.4736842105263157,0.14893617021276595,35,417,368,93,98,92,0.5665371915110388
Doma,TENSTAR,0.6838709677419356,24,468,0.6666666666666669,0.6666666666666665,0.738730450781969,0.6166666666666668,0.41666666666666663,0.23809523809523814,0.36,0.5263157894736842,0.3404255319148936,22,358,323,129,32,43,0.656033539919796
Ambi,Case Esports,0.6838709677419356,22,471,0.6979166666666666,0.7000000000000002,0.7194112235510579,0.6666666666666669,0.2291666666666666,0.8095238095238095,0.6,0.5,0.2765957446808511,24,372,325,91,90,72,0.5725239230838893
Kicks,London Esports,0.6774193548387096,15,301,0.5520833333333334,0.5,0.7056117755289788,0.6666666666666669,0.5416666666666666,0.3333333333333333,0.44,0.4473684210526315,0.14893617021276595,24,238,237,101,27,32,0.7802427925871108
UNFAKE,Team Queso,0.6709677419354839,12,238,0.6041666666666669,0.7666666666666666,0.7424103035878564,0.6166666666666668,0.5,0.3333333333333333,0.2,0.5789473684210528,0.04255319148936171,25,180,171,76,22,12,0.7068381855111713
bipo,Dsyre,0.664516129032258,14,311,0.6666666666666669,0.4666666666666668,0.6421343146274152,0.6833333333333335,0.08333333333333329,0.8571428571428572,0.76,0.5789473684210528,0.3191489361702128,26,248,224,36,62,60,0.47125158104874953
YaBoiLewis,FOKUS,0.664516129032258,22,463,0.5833333333333334,0.5666666666666664,0.7056117755289788,0.6333333333333334,0.29166666666666663,0.6666666666666666,0.6,0.8157894736842105,0.21276595744680848,24,357,347,103,73,68,0.5877596143019458
Killu,Valar Morghulis,0.664516129032258,14,314,0.7604166666666665,0.5,0.7019319227230914,0.7000000000000001,0.10416666666666666,0.5238095238095238,0.48,0.6052631578947368,0.25531914893617025,27,254,212,42,42,37,0.514021794910496
Davud,who cars?,0.664516129032258,16,344,0.5104166666666666,0.4333333333333331,0.7074517019319229,0.6166666666666668,0.2291666666666666,0.7142857142857143,0.76,0.4473684210526315,0.021276595744680854,31,262,274,64,57,67,0.5212719056541387
musashi,Rebels Gaming,0.664516129032258,22,454,0.6145833333333334,0.6666666666666665,0.6789328426862928,0.6333333333333334,0.5208333333333333,0.5714285714285715,0.6,0.6052631578947368,0.04255319148936171,28,350,330,151,62,67,0.7472910620706935
murii,Wave Esports,0.6580645161290323,20,424,0.7083333333333334,0.7000000000000002,0.6540938362465503,0.6833333333333335,0.375,0.5238095238095238,0.48,0.6578947368421052,0.38297872340425526,26,338,295,112,57,51,0.6860860234284182
BaWaN,beGenius ESC,0.6580645161290323,18,383,0.6458333333333334,0.6333333333333333,0.6632934682612697,0.65,0.24999999999999997,0.380952380952381,0.32,0.4473684210526315,0.3404255319148936,38,297,273,78,40,31,0.5668642421392599
Fearoth,Alliance,0.6580645161290323,23,483,0.78125,0.7999999999999998,0.7442502299908005,0.5666666666666668,0.5624999999999999,0.19047619047619047,0.16,0.368421052631579,0.23404255319148942,23,355,292,169,30,18,0.7202613994289245
LaAw,OG,0.6516129032258066,18,394,0.7083333333333334,0.7666666666666666,0.6780128794848206,0.65,0.5,0.2857142857142857,0.16,0.5789473684210528,0.38297872340425526,29,309,268,128,30,17,0.7554309909303055
Elite,FenerbahÃ§e Esports,0.6516129032258066,16,350,0.5937500000000001,0.4666666666666668,0.6991720331186755,0.6666666666666669,0.2291666666666666,0.380952380952381,0.32,1.0,0.2765957446808511,28,277,266,68,36,27,0.5764387271496277
DubzWoW,Thunderbolts Gaming,0.6516129032258066,17,346,0.5208333333333334,0.5333333333333332,0.6798528058877646,0.5833333333333334,0.375,0.7142857142857143,0.6,0.21052631578947376,0.2631366860090264,29,257,264,90,60,53,0.6013478344245679
blitzeN,CGN Esports,0.6451612903225806,14,275,0.7083333333333334,0.5,0.692732290708372,0.6666666666666669,0.33333333333333326,0.2857142857142857,0.44,0.763157894736842,0.23404255319148942,32,218,190,66,21,31,0.6446186988367083
aeiden,KTRL (ex),0.6451612903225806,11,226,0.5937500000000001,0.5333333333333332,0.6973321067157316,0.65,0.3125,0.3333333333333333,0.2,0.9210526315789472,0.25531914893617025,22,176,170,51,21,12,0.6035733758335778
Saiko,AWARIA,0.6451612903225806,28,588,0.5208333333333334,0.5666666666666664,0.6669733210671573,0.5833333333333334,0.27083333333333326,0.6666666666666666,0.6,0.42105263157894746,0.17021276595744683,25,438,450,121,96,89,0.5256311055227779
ponkt,Team Finest,0.6451612903225806,19,411,0.6979166666666666,0.5999999999999996,0.7451701931922725,0.6666666666666669,0.1458333333333333,0.4285714285714286,0.32,0.6578947368421052,0.21276595744680848,33,326,285,62,47,33,0.5159995848756357
STERBEN,Fire Flux Esports,0.6451612903225806,23,478,0.7604166666666665,0.7000000000000002,0.6734130634774609,0.6833333333333335,0.5624999999999999,0.2857142857142857,0.32,0.7105263157894737,0.38297872340425526,26,383,320,167,39,40,0.8156021336929148
Touven,Galatasaray Esports,0.6451612903225806,18,412,0.5833333333333334,0.5333333333333332,0.750689972401104,0.6,0.41666666666666663,0.3333333333333333,0.36,0.5,0.21276595744680848,29,311,301,116,36,37,0.6499562876731241
al0rante,MOUZ,0.6387096774193549,19,417,0.5104166666666666,0.4333333333333331,0.6274149034038639,0.6333333333333334,0.3125,0.5714285714285715,0.56,0.9736842105263158,0.553191489361702,24,320,332,96,58,58,0.5936786116130793
DisisJohn,Ovation eSports,0.6387096774193549,14,290,0.6041666666666669,0.3333333333333335,0.5988960441582338,0.6333333333333334,0.12499999999999997,0.5238095238095238,0.48,0.2894736842105263,0.38297872340425526,30,224,214,40,38,36,0.46713515280274553
LeeeeeeN,OG,0.6387096774193549,18,394,0.5520833333333334,0.5999999999999996,0.626494940202392,0.6333333333333334,0.1458333333333333,0.9047619047619048,0.68,0.5,0.3617021276595745,30,302,301,58,83,68,0.47200904563716406
Ridder,beGenius ESC,0.6387096774193549,18,383,0.5104166666666666,0.6333333333333333,0.6375344986200555,0.6333333333333334,0.1458333333333333,0.8571428571428572,0.68,0.4736842105263157,0.12765957446808512,31,296,309,58,78,67,0.48734733273111985
AtaKaptan,Thunderbolts Gaming,0.6387096774193549,23,481,0.6458333333333334,0.6666666666666665,0.6476540938362467,0.6,0.8541666666666666,0.3333333333333333,0.4,0.5263157894736842,0.38297872340425526,26,361,330,235,42,50,0.9438866500477877
dimasick,Team Finest,0.632258064516129,8,159,0.6562500000000001,0.5999999999999996,0.7654093836246552,0.5833333333333334,0.3125,0.2857142857142857,0.28,0.6842105263157895,0.14893617021276595,19,118,107,37,13,11,0.5606724492533309
luckeRRR,Alliance,0.632258064516129,23,483,0.6874999999999999,0.5,0.6513339466421346,0.6166666666666668,0.18749999999999997,0.8095238095238095,0.6,0.4736842105263157,0.14893617021276595,30,369,328,80,92,73,0.49506932383503577
shÃ©d,KOVA Esports,0.632258064516129,16,343,0.5520833333333334,0.5333333333333332,0.6310947562097518,0.65,0.16666666666666666,0.7142857142857143,0.56,0.4473684210526315,0.10638297872340426,27,266,266,55,58,49,0.504138283614055
maniek,Anonymo Esports,0.6258064516129033,28,595,0.5312500000000001,0.733333333333333,0.6816927322907085,0.5833333333333334,0.5,0.380952380952381,0.56,0.5,0.25531914893617025,23,442,452,188,62,81,0.6824644549763034
Moe40,EXCEL,0.6258064516129033,29,591,0.7604166666666665,0.8333333333333335,0.721251149954002,0.6333333333333334,0.47916666666666663,0.380952380952381,0.24,0.763157894736842,0.3191489361702128,25,455,378,184,58,34,0.7149421416027139
Wolfen,Case Esports,0.6258064516129033,22,471,0.6041666666666669,0.7999999999999998,0.7083716651333949,0.5666666666666668,0.5208333333333333,0.380952380952381,0.36,0.736842105263158,0.425531914893617,23,346,330,154,45,41,0.686449120053129
MAGiK,Dsyre,0.6193548387096773,14,311,0.6666666666666669,0.5999999999999996,0.6807727690892365,0.6666666666666669,0.39583333333333337,0.19047619047619047,0.32,0.7105263157894737,0.21276595744680848,31,246,221,85,18,25,0.6904192255527958
Shazeon,CGN Esports,0.6193548387096773,8,157,0.5520833333333334,0.6333333333333333,0.6798528058877646,0.4999999999999999,0.5624999999999999,0.2857142857142857,0.16,0.5,0.29787234042553196,29,108,108,55,12,6,0.6525794669001118
Mickebwoy,Team BDS,0.6193548387096773,23,515,0.7395833333333334,0.7999999999999998,0.6678932842686294,0.6,0.5416666666666666,0.14285714285714288,0.16,0.4736842105263157,0.29787234042553196,28,387,328,174,28,22,0.7266921271798649
Burzzy,FenerbahÃ§e Esports,0.6193548387096773,16,350,0.46875000000000006,0.5333333333333332,0.68721251149954,0.5833333333333334,0.375,0.380952380952381,0.44,0.8684210526315791,0.10638297872340426,25,259,282,92,35,40,0.601299932295193
Froz,Galatasaray Esports,0.6193548387096773,18,412,0.5312500000000001,0.5666666666666664,0.6614535418583258,0.6,0.27083333333333326,0.4285714285714286,0.4,0.5263157894736842,0.2765957446808511,28,307,314,88,46,42,0.5373165232595593
krea6on,Tundra Esports,0.6129032258064516,25,533,0.6250000000000001,0.5,0.6310947562097518,0.6166666666666668,0.3125,0.3333333333333333,0.48,0.4736842105263157,0.25531914893617025,30,405,380,124,47,62,0.5862728186159004
vong,FOKUS,0.6064516129032259,22,463,0.6562500000000001,0.6666666666666665,0.6614535418583258,0.6166666666666668,0.41666666666666663,0.380952380952381,0.28,0.7105263157894737,0.574468085106383,23,354,323,131,46,32,0.6660661459879419
grubinho,AWARIA,0.6064516129032259,28,588,0.7604166666666665,0.7000000000000002,0.6485740570377185,0.6333333333333334,0.41666666666666663,0.380952380952381,0.32,0.631578947368421,0.44680851063829785,33,450,375,162,59,45,0.6563497436889448
uNKOE,OG,0.6064516129032259,18,394,0.6979166666666666,0.733333333333333,0.6485740570377185,0.6166666666666668,0.35416666666666663,0.47619047619047616,0.36,0.42105263157894746,0.3404255319148936,31,300,264,99,49,36,0.6155604205258981
Dev0,London Esports,0.6064516129032259,14,284,0.43749999999999994,0.2333333333333334,0.660533578656854,0.5666666666666668,0.16666666666666666,0.7142857142857143,0.72,0.4736842105263157,0.10638297872340426,25,208,234,45,48,51,0.4388558841198852
KPZET,Movistar Riders,0.6064516129032259,12,247,0.6458333333333334,0.5999999999999996,0.6513339466421346,0.6166666666666668,0.29166666666666663,0.5238095238095238,0.44,0.8947368421052632,0.29787234042553196,21,188,172,54,32,27,0.5677993744843334
PoPiFresH,Team Heretics,0.6064516129032259,11,246,0.5625000000000001,0.5,0.6108555657773691,0.5666666666666668,0.10416666666666666,0.5714285714285715,0.52,0.4736842105263157,0.2631366860090264,21,179,177,33,34,32,0.3967171425268755
bacyx,Thunderbolts Gaming,0.6064516129032259,6,135,0.5104166666666666,0.4333333333333331,0.5722171113155474,0.5666666666666668,0.16666666666666666,0.8571428571428572,0.72,0.4473684210526315,0.2631366860090264,22,98,102,22,27,24,0.4360189573459715
kamyk,Anonymo Esports,0.6,28,595,0.7187499999999999,0.6666666666666665,0.65869365225391,0.6333333333333334,0.45833333333333326,0.19047619047619047,0.24,0.631578947368421,0.3191489361702128,25,459,397,179,35,38,0.7019634394041977
BENZKI,Anorthosis Famagusta Esports,0.6,17,349,0.5520833333333334,0.5999999999999996,0.6338546458141676,0.6,0.5208333333333333,0.4285714285714286,0.48,0.4736842105263157,0.12765957446808512,26,262,263,116,39,42,0.7176631947745084
SHIN,Sector One France,0.6,23,521,0.7083333333333334,0.8333333333333335,0.6375344986200555,0.6333333333333334,0.5208333333333333,0.2857142857142857,0.28,0.9210526315789472,0.46808510638297873,27,400,349,173,44,38,0.7419017383631553
hoppY,Mandatory,0.6,14,312,0.5625000000000001,0.4333333333333331,0.6310947562097518,0.6333333333333334,0.29166666666666663,0.3333333333333333,0.44,0.5789473684210528,0.2765957446808511,24,239,236,69,28,35,0.5785636164783085
paTiTek,EXCEL,0.6,29,591,0.5833333333333334,0.733333333333333,0.6402943882244712,0.5833333333333334,0.5208333333333333,0.5714285714285715,0.4,0.4473684210526315,0.21276595744680848,26,438,424,193,82,60,0.6953111843529726
Fizzy,Team BDS,0.5935483870967743,23,515,0.6250000000000001,0.733333333333333,0.6025758969641215,0.6,0.6041666666666666,0.380952380952381,0.36,0.39473684210526316,0.3404255319148936,25,384,359,191,50,45,0.7661160447246124
mizuN,Team Finest,0.5870967741935483,19,411,0.6458333333333334,0.7000000000000002,0.6237350505979764,0.5833333333333334,0.45833333333333326,0.4285714285714286,0.4,0.7894736842105262,0.2765957446808511,26,305,280,123,45,41,0.6571418687515137
bramz,Team Vitality,0.5870967741935483,14,297,0.6562500000000001,0.733333333333333,0.6071757129714812,0.6166666666666668,0.24999999999999997,0.380952380952381,0.24,0.5789473684210528,0.21276595744680848,29,227,206,60,29,17,0.5483268706017522
chiwawa,EXCEL,0.5870967741935483,29,591,0.6250000000000001,0.5999999999999996,0.6384544618215273,0.5833333333333334,0.33333333333333326,0.3333333333333333,0.28,0.6578947368421052,0.25531914893617025,29,440,410,139,52,44,0.5677099622296534
nataNk,Anorthosis Famagusta Esports,0.5806451612903226,17,349,0.6041666666666669,0.5333333333333332,0.6356945722171115,0.5666666666666668,0.41666666666666663,0.4285714285714286,0.44,0.39473684210526316,0.23404255319148942,29,254,241,96,37,40,0.6013118048859979
bzt,Gamerland Outlaws,0.5806451612903226,15,340,0.5312500000000001,0.6333333333333333,0.6678932842686294,0.5166666666666667,0.6874999999999999,0.380952380952381,0.4,0.4473684210526315,0.25531914893617025,30,238,242,141,34,33,0.7635071090047395
Supmah,KOVA Esports,0.5806451612903226,16,343,0.6562500000000001,0.6666666666666665,0.5952161913523459,0.5833333333333334,0.4374999999999999,0.4285714285714286,0.4,0.4736842105263157,0.3617021276595745,23,254,230,99,38,34,0.6394373592361794
RobbieBk,London Esports,0.5806451612903226,15,301,0.6041666666666669,0.6666666666666665,0.6513339466421346,0.5499999999999999,0.47916666666666663,0.2857142857142857,0.16,0.7105263157894737,0.3617021276595745,22,216,206,92,24,13,0.6308828391932108
falltw,Case Esports,0.5806451612903226,22,471,0.6979166666666666,0.6666666666666665,0.626494940202392,0.6166666666666668,0.39583333333333337,0.3333333333333333,0.24,0.5789473684210528,0.23404255319148942,27,356,312,127,43,28,0.6341051106348295
TheCady,Team Lixa,0.5806451612903226,21,446,0.46875000000000006,0.4333333333333331,0.6126954921803129,0.5833333333333334,0.08333333333333329,0.7142857142857143,0.64,0.631578947368421,0.14893617021276595,26,329,357,55,76,70,0.395553949801288
Freyy,NOM eSports,0.5741935483870967,23,501,0.6874999999999999,0.5999999999999996,0.6108555657773691,0.6166666666666668,0.45833333333333326,0.23809523809523814,0.4,0.6052631578947368,0.2765957446808511,31,383,340,151,36,48,0.6926809887334336
vicious,KOVA Esports,0.5741935483870967,16,343,0.6145833333333334,0.7000000000000002,0.6007359705611777,0.5333333333333333,0.4374999999999999,0.19047619047619047,0.24,0.42105263157894746,0.3191489361702128,28,245,231,99,22,21,0.601384494217457
tsack,Team Queso,0.5741935483870967,12,238,0.6979166666666666,0.7666666666666666,0.5915363385464583,0.6,0.41666666666666663,0.2857142857142857,0.28,0.6842105263157895,0.3191489361702128,21,179,157,67,18,17,0.6459038591740015
qRaxs,Futbolist,0.5741935483870967,19,395,0.6874999999999999,0.6666666666666665,0.6154553817847288,0.6,0.4374999999999999,0.2857142857142857,0.2,0.6842105263157895,0.25531914893617025,30,297,263,113,33,20,0.6522286879836824
Docent,Galatasaray Esports,0.5741935483870967,18,412,0.5208333333333334,0.5,0.6347746090156394,0.5333333333333333,0.41666666666666663,0.23809523809523814,0.4,0.5263157894736842,0.10638297872340426,26,293,303,114,27,41,0.5795564349146459
Hyperzxz,H2O,0.567741935483871,7,135,0.3958333333333333,0.3666666666666667,0.6577736890524379,0.4833333333333335,0.24999999999999997,0.6190476190476191,0.52,0.4736842105263157,0.17021276595744683,24,92,108,27,20,18,0.42527646129541863
MrFaliN,Futbolist,0.567741935483871,19,395,0.5625000000000001,0.733333333333333,0.5906163753449862,0.4999999999999999,0.5,0.380952380952381,0.36,0.4473684210526315,0.06382978723404255,24,272,269,128,39,34,0.6155138280640712
APO,Mandatory,0.5612903225806453,14,312,0.5937500000000001,0.5333333333333332,0.6163753449862006,0.5833333333333334,0.29166666666666663,0.380952380952381,0.32,0.6842105263157895,0.10638297872340426,25,230,222,70,31,25,0.5413780532263947
Leare,Team Queso,0.5612903225806453,12,238,0.5312500000000001,0.2666666666666666,0.5685372585096597,0.5833333333333334,0.06249999999999997,0.7619047619047619,0.84,0.5789473684210528,0.19148936170212766,20,175,178,27,43,49,0.3777928232904536
gloomy,FenerbahÃ§e Esports,0.5612903225806453,4,90,0.3854166666666666,0.2999999999999998,0.6310947562097518,0.4833333333333335,0.08333333333333329,0.5714285714285715,0.88,0.5789473684210528,0.10638297872340426,23,61,73,11,13,20,0.30710900473933644
lauress,Fire Flux Esports,0.5612903225806453,22,460,0.8020833333333333,0.8666666666666667,0.6292548298068079,0.6166666666666668,0.41666666666666663,0.2857142857142857,0.32,0.6842105263157895,0.3191489361702128,33,348,281,131,37,35,0.65705749021224
sturNNcya,Galakticos,0.5612903225806453,18,390,0.5729166666666666,0.5,0.6182152713891444,0.5666666666666668,0.16666666666666666,0.2857142857142857,0.32,0.5263157894736842,0.19148936170212766,32,286,280,61,33,33,0.4372584761210353
TheNightChe,Team Lixa,0.5612903225806453,21,446,0.4895833333333332,0.4333333333333331,0.609015639374425,0.5666666666666668,0.3125,0.3333333333333333,0.4,0.7105263157894737,0.21276595744680848,25,325,345,104,40,46,0.5418783074405459
DarkLight,beGenius ESC,0.5548387096774193,18,383,0.6562500000000001,0.7000000000000002,0.6209751609935603,0.5833333333333334,0.5,0.19047619047619047,0.28,0.5263157894736842,0.21276595744680848,28,285,258,121,24,25,0.6842463465036567
XMS,TENSTAR,0.5483870967741936,24,468,0.7291666666666666,0.733333333333333,0.6421343146274152,0.6,0.33333333333333326,0.23809523809523814,0.2,0.631578947368421,0.29787234042553196,24,351,300,114,34,22,0.5878600072912871
mcnuggets,Movistar Riders,0.5483870967741936,12,247,0.5104166666666666,0.5999999999999996,0.5896964121435144,0.5166666666666667,0.45833333333333326,0.47619047619047616,0.44,0.39473684210526316,0.25531914893617025,24,173,180,73,30,28,0.591284993380279
Yurii,Case Esports,0.5483870967741936,22,471,0.6250000000000001,0.7000000000000002,0.5878564857405706,0.5833333333333334,0.35416666666666663,0.380952380952381,0.32,0.42105263157894746,0.19148936170212766,22,349,326,119,45,39,0.5879192199716244
BennY,CGN Esports,0.5419354838709677,14,275,0.40624999999999994,0.4333333333333331,0.5896964121435144,0.4833333333333335,0.41666666666666663,0.47619047619047616,0.76,0.5,0.06382978723404255,20,186,216,77,32,52,0.5338733304610083
ceNder,Team Vitality,0.5419354838709677,14,297,0.6354166666666669,0.6666666666666665,0.6099356025758973,0.5166666666666667,0.5208333333333333,0.380952380952381,0.44,0.6842105263157895,0.5106382978723405,24,207,191,97,31,33,0.6313370673560247
Eso177,UCAM Tokiers,0.5419354838709677,14,308,0.5312500000000001,0.3999999999999999,0.6117755289788409,0.5166666666666667,0.3125,0.3333333333333333,0.24,0.5526315789473685,0.3404255319148936,21,216,220,72,28,19,0.5029851664922754
Leosen,Ovation eSports,0.535483870967742,14,290,0.4166666666666667,0.4333333333333331,0.596136154553818,0.4833333333333335,0.33333333333333326,0.47619047619047616,0.52,0.5526315789473685,0.12765957446808512,34,196,226,70,35,39,0.4771367870567086
hatex,Galakticos,0.535483870967742,18,390,0.5625000000000001,0.6333333333333333,0.6218951241950323,0.5666666666666668,0.33333333333333326,0.23809523809523814,0.24,0.5263157894736842,0.10638297872340426,26,283,280,95,28,25,0.5525337222019687
RieNs,Surreal Esports,0.535483870967742,23,507,0.6145833333333334,0.7000000000000002,0.6080956761729532,0.5333333333333333,0.4374999999999999,0.3333333333333333,0.32,0.6842105263157895,0.2765957446808511,24,359,340,148,47,43,0.5971563981042655
denzo,SPARX ESPORTS,0.529032258064516,14,286,0.3958333333333333,0.13333333333333308,0.5427782888684454,0.4999999999999999,0.08333333333333329,0.6190476190476191,0.88,0.5526315789473685,0.3404255319148936,26,197,233,35,43,64,0.3233354323401717
JESMUND,KOVA Esports,0.529032258064516,16,343,0.5937500000000001,0.5333333333333332,0.6310947562097518,0.5333333333333333,0.3125,0.19047619047619047,0.4,0.6052631578947368,0.21276595744680848,22,242,233,80,21,33,0.5083663797272465
Bia,Team Lixa,0.529032258064516,21,446,0.5312500000000001,0.5333333333333332,0.5584176632934683,0.5499999999999999,0.10416666666666666,0.47619047619047616,0.28,0.5789473684210528,0.25531914893617025,26,323,331,60,53,32,0.39230229740930456
roxie,Wave Esports,0.5225806451612903,20,424,0.5937500000000001,0.5999999999999996,0.5860165593376265,0.5333333333333333,0.375,0.2857142857142857,0.4,0.8157894736842105,0.425531914893617,23,301,290,109,32,42,0.5492712152374138
Dext,Arctic Gaming,0.5225806451612903,12,275,0.5104166666666666,0.4666666666666668,0.5538178472861086,0.5333333333333333,0.27083333333333326,0.2857142857142857,0.36,0.6578947368421052,0.4042553191489362,20,194,203,58,23,24,0.4758638517880224
loWel,Team Heretics,0.5225806451612903,11,246,0.875,0.8333333333333335,0.5519779208831648,0.6,0.3125,0.23809523809523814,0.16,0.5789473684210528,0.23404255319148942,23,184,140,56,16,11,0.561784764767079
hastack,BISONS ECLUB,0.5225806451612903,11,232,0.5416666666666666,0.4333333333333331,0.5942962281508741,0.5166666666666667,0.2083333333333333,0.3333333333333333,0.36,0.39473684210526316,0.4042553191489362,27,162,163,41,22,22,0.41587677725118477
MOJJ,Futbolist,0.5225806451612903,19,395,0.6250000000000001,0.7000000000000002,0.6117755289788409,0.5333333333333333,0.35416666666666663,0.2857142857142857,0.32,0.6052631578947368,0.23404255319148942,21,280,262,100,33,33,0.5420841082248485
bucher,FOKUS,0.5161290322580646,22,463,0.7499999999999998,0.5999999999999996,0.5565777368905245,0.6,0.16666666666666666,0.23809523809523814,0.16,0.763157894736842,0.3404255319148936,27,346,290,74,31,20,0.4624691636043524
SH0UTy,Entropiq,0.5161290322580646,17,386,0.5729166666666666,0.6666666666666665,0.5712971481140754,0.5333333333333333,0.5,0.2857142857142857,0.32,0.4736842105263157,0.29787234042553196,26,275,269,125,31,31,0.6497556663310659
AKIMB0,who cars?,0.5161290322580646,16,344,0.5625000000000001,0.4666666666666668,0.5924563017479303,0.5166666666666667,0.35416666666666663,0.19047619047619047,0.16,0.39473684210526316,0.23404255319148942,24,241,239,85,22,13,0.5212719056541387
meisoN,BISONS ECLUB,0.5161290322580646,11,232,0.5104166666666666,0.5,0.5473781048758051,0.5333333333333333,0.3125,0.3333333333333333,0.48,0.6052631578947368,0.2765957446808511,23,164,171,53,22,28,0.5033910769733617
snikk,Anonymo Esports,0.5096774193548387,28,595,0.5208333333333334,0.5333333333333332,0.5400183992640295,0.5166666666666667,0.35416666666666663,0.3333333333333333,0.44,0.4736842105263157,0.425531914893617,28,414,427,148,56,67,0.5167230873392011
kAdavra,Team Vitality,0.5096774193548387,14,297,0.6458333333333334,0.7000000000000002,0.580496780128795,0.5666666666666668,0.375,0.3333333333333333,0.24,0.631578947368421,0.3404255319148936,24,217,199,76,27,19,0.57762458710326
KRAY,TENSTAR,0.5096774193548387,24,468,0.6458333333333334,0.5999999999999996,0.5887764489420424,0.5666666666666668,0.35416666666666663,0.2857142857142857,0.36,0.5789473684210528,0.3191489361702128,23,341,312,115,39,40,0.5599708348523514
Stix,AWARIA,0.503225806451613,28,588,0.6041666666666669,0.6333333333333333,0.5878564857405706,0.5166666666666667,0.41666666666666663,0.2857142857142857,0.28,0.5789473684210528,0.21276595744680848,25,414,396,165,47,41,0.5749588935100108
Extreme,Movistar Riders,0.503225806451613,12,247,0.46875000000000006,0.3666666666666667,0.5602575896964124,0.5166666666666667,0.1458333333333333,0.6666666666666666,0.36,0.39473684210526316,0.021276595744680854,23,172,186,38,39,23,0.37991442331676806
Epzz,Angry Titans,0.49677419354838703,19,394,0.5312500000000001,0.6333333333333333,0.5952161913523459,0.45000000000000007,0.5,0.19047619047619047,0.16,0.368421052631579,0.25531914893617025,30,262,266,128,22,17,0.5824331801669594
logaN,Team BDS,0.49677419354838703,23,515,0.5937500000000001,0.733333333333333,0.5786568537258512,0.5166666666666667,0.27083333333333326,0.380952380952381,0.32,0.631578947368421,0.2765957446808511,28,362,347,108,50,39,0.47043666313900523
MONSTEERR,Giants Gaming,0.49677419354838703,12,265,0.6250000000000001,0.5333333333333332,0.5942962281508741,0.4999999999999999,0.24999999999999997,0.14285714285714288,0.32,0.5,0.4893617021276595,22,184,172,53,12,20,0.4439238129303408
MARCTYLINHO,Sector One France,0.4903225806451613,23,521,0.6666666666666669,0.7000000000000002,0.5326586936522542,0.5166666666666667,0.5416666666666666,0.09523809523809523,0.16,0.368421052631579,0.21276595744680848,26,363,328,175,22,21,0.6444769901119795
iDex,Sector One France,0.4903225806451613,23,521,0.4583333333333333,0.5333333333333332,0.5538178472861086,0.4999999999999999,0.12499999999999997,0.5238095238095238,0.52,0.6578947368421052,0.2765957446808511,27,357,392,73,67,69,0.34385205265120844
fxy0,OG,0.4903225806451613,18,394,0.4583333333333333,0.6666666666666665,0.49310027598896045,0.43333333333333346,0.8749999999999999,0.23809523809523814,0.36,0.4736842105263157,0.08510638297872343,23,257,283,197,29,35,0.818004667163856
JN3v1cEEE,Fire Flux Esports,0.4903225806451613,21,434,0.6250000000000001,0.7000000000000002,0.5262189512419504,0.5333333333333333,0.3125,0.3333333333333333,0.36,0.4736842105263157,0.08510638297872343,21,306,287,98,37,39,0.4969096031624697
Jlerst,Surreal Esports,0.4903225806451613,24,528,0.6250000000000001,0.7666666666666666,0.5105795768169274,0.5333333333333333,0.6249999999999999,0.23809523809523814,0.24,0.6052631578947368,0.3617021276595745,27,376,350,203,39,32,0.7372361051271007
Masked,who cars?,0.4838709677419354,16,344,0.4999999999999999,0.3999999999999999,0.5354185832566698,0.4999999999999999,0.39583333333333337,0.380952380952381,0.48,0.6052631578947368,0.25531914893617025,31,239,251,93,35,40,0.5465667364708476
Barcode,Gamerland Outlaws (ex),0.4774193548387097,15,340,0.5729166666666666,0.5666666666666664,0.5151793928242872,0.4999999999999999,0.2291666666666666,0.4285714285714286,0.48,0.4473684210526315,0.3617021276595745,27,236,232,66,37,42,0.4350710900473934
skylen,Fire Flux Esports,0.4774193548387097,1,18,0.8645833333333333,1.0,0.5915363385464583,0.5499999999999999,0.9999999999999999,0.19047619047619047,0.0,0.42105263157894746,1.0,13,13,10,10,1,0,1.0
farewell,Team Lixa,0.4774193548387097,21,446,0.35416666666666674,0.4666666666666668,0.6053357865685376,0.41666666666666663,0.35416666666666663,0.3333333333333333,0.32,0.5789473684210528,0.10638297872340426,20,286,354,112,38,36,0.44107708328905704
10K,Dsyre,0.47096774193548396,14,311,0.4479166666666667,0.5333333333333332,0.5593376264949403,0.43333333333333346,0.6041666666666666,0.2857142857142857,0.36,0.5789473684210528,0.14893617021276595,22,203,225,114,25,27,0.6251352463388246
memset,MOUZ,0.47096774193548396,19,417,0.6250000000000001,0.6333333333333333,0.5409383624655015,0.5166666666666667,0.2291666666666666,0.2857142857142857,0.32,0.7105263157894737,0.23404255319148942,25,293,274,80,35,35,0.44413379249207263
AFoxx,Angry Titans,0.47096774193548396,19,394,0.6145833333333334,0.5666666666666664,0.5648574057037721,0.5666666666666668,0.04166666666666666,0.4285714285714286,0.32,0.8684210526315791,0.10638297872340426,28,286,271,41,44,33,0.3505424976543893
SoOn,CGN Esports,0.47096774193548396,14,275,0.4999999999999999,0.4333333333333331,0.517939282428703,0.4666666666666667,0.12499999999999997,0.5238095238095238,0.6,0.4473684210526315,0.23404255319148942,25,183,193,38,36,40,0.31238259370960797
re1sxd,Thunderbolts Gaming,0.47096774193548396,23,481,0.4999999999999999,0.5999999999999996,0.5298988040478381,0.4666666666666667,0.4374999999999999,0.2857142857142857,0.28,0.368421052631579,0.3404255319148936,30,324,342,139,40,35,0.5428855760609316
Amilwa,MOUZ,0.46451612903225803,19,417,0.6250000000000001,0.733333333333333,0.5298988040478381,0.4666666666666667,0.45833333333333326,0.09523809523809523,0.24,0.6842105263157895,0.21276595744680848,28,281,262,126,18,27,0.5623785331924035
ara,KTRL,0.46451612903225803,4,75,0.28125,0.10000000000000031,0.580496780128795,0.3666666666666666,0.33333333333333326,0.47619047619047616,1.0,0.42105263157894746,0.2631366860090264,18,46,62,18,9,19,0.3844549763033177
hasaa,Entropiq,0.46451612903225803,17,386,0.5625000000000001,0.5333333333333332,0.5216191352345907,0.5166666666666667,0.29166666666666663,0.23809523809523814,0.32,0.5263157894736842,0.21276595744680848,31,271,268,86,28,31,0.4882007710630355
PHYRN,KOI,0.46451612903225803,14,320,0.5937500000000001,0.6666666666666665,0.5409383624655015,0.4666666666666667,0.35416666666666663,0.09523809523809523,0.28,0.2894736842105263,0.2765957446808511,26,215,207,79,13,22,0.4793246445497631
Phatt,UCAM Tokiers,0.46451612903225803,14,308,0.4999999999999999,0.6666666666666665,0.4820607175712972,0.4999999999999999,0.6249999999999999,0.2857142857142857,0.28,0.5526315789473685,0.06382978723404255,21,211,222,117,24,23,0.6913276297162553
Bard0lf,Team Lixa ,0.46451612903225803,10,214,0.4895833333333332,0.5999999999999996,0.5225390984360627,0.45000000000000007,0.6458333333333333,0.09523809523809523,0.24,0.8684210526315791,0.2765957446808511,24,141,150,83,8,13,0.6649244806661646
Feeqn,Wave Esports,0.4580645161290323,20,424,0.5625000000000001,0.6333333333333333,0.5271389144434224,0.41666666666666663,0.47916666666666663,0.2857142857142857,0.28,0.42105263157894746,0.23404255319148942,25,271,268,130,36,28,0.5184878833944381
smz,SPARX ESPORTS,0.4580645161290323,14,286,0.3958333333333333,0.2999999999999998,0.5372585096596139,0.43333333333333346,0.1458333333333333,0.2857142857142857,0.4,0.5789473684210528,0.4042553191489362,20,187,221,44,23,29,0.31826467371491074
crazyd33R,Gamerland Outlaws,0.4580645161290323,15,340,0.4583333333333333,0.5999999999999996,0.5105795768169274,0.43333333333333346,0.375,0.3333333333333333,0.24,0.4473684210526315,0.17021276595744683,30,222,245,87,29,19,0.4649289099526067
Yuta,WYLDE,0.4580645161290323,14,292,0.35416666666666674,0.19999999999999996,0.49586016559337653,0.43333333333333346,0.04166666666666666,0.7619047619047619,0.8,0.763157894736842,0.44680851063829785,24,191,237,29,52,59,0.2395637213529832
GatsH,Rebels Gaming,0.4580645161290323,22,454,0.6250000000000001,0.733333333333333,0.5151793928242872,0.4999999999999999,0.375,0.2857142857142857,0.32,0.4473684210526315,0.23404255319148942,23,314,294,119,37,37,0.5300749525022445
mikigoalie,KTRL (si),0.4516129032258064,7,142,0.4270833333333333,0.3333333333333335,0.5059797608095677,0.45000000000000007,0.18749999999999997,0.2857142857142857,0.56,0.4736842105263157,0.25531914893617025,17,94,107,24,12,20,0.35204592483812835
jbzz,Mandatory,0.4516129032258064,14,312,0.28125,0.3999999999999999,0.5317387304507821,0.35,0.27083333333333326,0.380952380952381,0.64,0.18421052631578946,0.08510638297872343,23,187,253,65,31,50,0.31826467371491074
HyP,Mandatory,0.4516129032258064,14,312,0.4166666666666667,0.5999999999999996,0.45722171113155485,0.41666666666666663,0.7291666666666665,0.47619047619047616,0.44,0.2894736842105263,0.4042553191489362,29,200,231,133,37,35,0.6947685016405397
SouhcNi,Fire Flux Esports,0.4516129032258064,21,434,0.6041666666666669,0.7000000000000002,0.5271389144434224,0.4833333333333335,0.33333333333333326,0.3333333333333333,0.48,0.5789473684210528,0.5319148936170214,23,295,280,104,39,51,0.4802018040055037
Happen,Ovation eSports,0.44516129032258067,14,290,0.4479166666666667,0.3999999999999999,0.5298988040478381,0.41666666666666663,0.41666666666666663,0.23809523809523814,0.24,0.39473684210526316,0.17021276595744683,27,187,207,80,20,18,0.4821376041836901
matti,NOM eSports,0.44516129032258067,23,501,0.5520833333333334,0.6333333333333333,0.5280588776448945,0.43333333333333346,0.41666666666666663,0.23809523809523814,0.32,0.4473684210526315,0.46808510638297873,24,327,328,142,33,41,0.5045264920396174
Hitch,NOM eSports,0.44516129032258067,23,501,0.4479166666666667,0.6333333333333333,0.5455381784728612,0.3833333333333334,0.5208333333333333,0.23809523809523814,0.28,0.26315789473684215,0.3404255319148936,23,312,347,165,35,37,0.5276839685557794
Dawn,WYLDE,0.44516129032258067,14,292,0.4895833333333332,0.5666666666666664,0.5216191352345907,0.4833333333333335,0.39583333333333337,0.14285714285714288,0.16,0.7105263157894737,0.21276595744680848,24,198,211,78,14,13,0.5176913588262028
Newzera,WYLDE,0.44516129032258067,14,292,0.5208333333333334,0.5999999999999996,0.45722171113155485,0.45000000000000007,0.27083333333333326,0.14285714285714288,0.24,0.7894736842105262,0.12765957446808512,23,194,200,61,14,18,0.41339349477374554
l0udly,Arctic Gaming,0.44516129032258067,12,275,0.37499999999999994,0.5,0.5676172953081877,0.33333333333333326,0.6249999999999999,0.19047619047619047,0.48,0.4473684210526315,0.12765957446808512,23,162,196,105,16,32,0.5549676863420939
Theia,FenerbahÃ§e Esports,0.44516129032258067,8,183,0.3125,0.2999999999999998,0.5538178472861086,0.3666666666666666,0.2083333333333333,0.47619047619047616,0.8,0.3421052631578947,0.4042553191489362,23,112,145,33,22,36,0.29601429570351956
Vbbooy,Valar Morghulis,0.432258064516129,14,314,0.35416666666666674,0.4333333333333331,0.47930082796688134,0.3666666666666666,0.45833333333333326,0.3333333333333333,0.4,0.3157894736842105,0.14893617021276595,21,193,238,95,27,32,0.47707308237993173
NRK,Valar Morghulis,0.432258064516129,14,314,0.40624999999999994,0.5333333333333332,0.5041398344066239,0.41666666666666663,0.3125,0.47619047619047616,0.56,0.5263157894736842,0.0,27,200,233,72,37,44,0.40317565731880356
M4CHINA,Tundra Esports,0.432258064516129,25,533,0.5312500000000001,0.5666666666666664,0.5087396504139836,0.43333333333333346,0.45833333333333326,0.23809523809523814,0.36,0.631578947368421,0.021276595744680854,22,349,357,161,36,46,0.5345758160461663
SEIDER,Alliance,0.432258064516129,23,483,0.6145833333333334,0.5999999999999996,0.48298068077276923,0.4833333333333335,0.5208333333333333,0.3333333333333333,0.36,0.763157894736842,0.38297872340425526,24,329,309,161,43,45,0.6181743251596953
Jakexd,Team Heretics,0.432258064516129,6,128,0.3854166666666666,0.3666666666666667,0.517939282428703,0.4,0.45833333333333326,0.5238095238095238,0.36,0.6578947368421052,0.2631366860090264,20,81,97,39,16,12,0.5065165876777252
RECIDENT,Team Finest,0.4258064516129033,19,411,0.5104166666666666,0.5999999999999996,0.5234590616375348,0.45000000000000007,0.39583333333333337,0.14285714285714288,0.24,0.8157894736842105,0.21276595744680848,25,272,284,110,22,25,0.49482824229425393
eXampL,Anorthosis Famagusta Esports,0.4258064516129033,21,432,0.4583333333333333,0.5666666666666664,0.5142594296228153,0.41666666666666663,0.5,0.19047619047619047,0.16,0.5526315789473685,0.29787234042553196,22,275,301,139,25,16,0.5367298578199052
thebigfiz,beGenius ESC,0.4258064516129033,18,383,0.4895833333333332,0.6333333333333333,0.46550137994480223,0.45000000000000007,0.35416666666666663,0.380952380952381,0.28,0.5789473684210528,0.23404255319148942,23,253,268,95,37,28,0.4646282157573657
Bati,H2O,0.4258064516129033,16,325,0.28125,0.4333333333333331,0.5492180312787489,0.28333333333333344,0.6458333333333333,0.23809523809523814,0.36,0.42105263157894746,0.08510638297872343,21,181,246,126,22,28,0.5168355814801314
Mykoz,FenerbahÃ§e Esports,0.4258064516129033,16,350,0.3854166666666666,0.3999999999999999,0.48758049678012894,0.43333333333333346,0.375,0.3333333333333333,0.44,0.6052631578947368,0.3191489361702128,26,226,268,91,31,38,0.46041976980365595
p0wa77,Futbolist,0.4258064516129033,16,328,0.5312500000000001,0.5999999999999996,0.4903403863845448,0.45000000000000007,0.375,0.23809523809523814,0.44,0.6842105263157895,0.38297872340425526,22,217,221,86,23,37,0.4866200439255578
Matrix,Ovation eSports,0.4193548387096774,14,290,0.37499999999999994,0.4666666666666668,0.4774609015639375,0.3666666666666666,0.5,0.14285714285714288,0.36,0.42105263157894746,0.21276595744680848,23,176,211,93,14,25,0.49213923843765317
fanboy,Anorthosis Famagusta Esports,0.4193548387096774,4,83,0.4791666666666667,0.2333333333333334,0.392824287028519,0.4999999999999999,0.0,0.2857142857142857,0.48,0.3157894736842105,0.23404255319148942,20,57,61,7,7,10,0.26517444184320216
OniBy,OG,0.4193548387096774,18,394,0.5937500000000001,0.7999999999999998,0.5032198712051519,0.43333333333333346,0.5,0.23809523809523814,0.2,0.631578947368421,0.29787234042553196,22,255,246,126,28,19,0.5493059398080208
Davidp,beGenius ESC (si),0.4193548387096774,12,278,0.5729166666666666,0.7999999999999998,0.5114995400183993,0.4,0.6666666666666666,0.14285714285714288,0.32,0.3157894736842105,0.29787234042553196,24,175,171,111,15,22,0.6388898359984999
Neit,BISONS ECLUB,0.4193548387096774,11,232,0.40624999999999994,0.5333333333333332,0.44802207911683545,0.41666666666666663,0.24999999999999997,0.2857142857142857,0.32,0.5789473684210528,0.10638297872340426,21,149,174,46,18,18,0.3658686059813695
RAYZZ,Movistar Riders,0.4193548387096774,12,247,0.35416666666666674,0.3333333333333335,0.454461821527139,0.3833333333333334,0.4374999999999999,0.380952380952381,0.48,0.5,0.04255319148936171,21,154,189,71,25,29,0.4679854941765643
SoyeR,FenerbahÃ§e Esports,0.4193548387096774,6,118,0.40624999999999994,0.19999999999999996,0.5105795768169274,0.45000000000000007,0.10416666666666666,0.2857142857142857,0.48,0.631578947368421,0.21276595744680848,22,78,91,15,10,14,0.2899028034380272
HearThBeaT,Angry Titans,0.41290322580645167,19,394,0.4479166666666667,0.6333333333333333,0.4811407543698254,0.41666666666666663,0.5624999999999999,0.2857142857142857,0.44,0.5263157894736842,0.44680851063829785,22,251,280,138,32,42,0.578752375682633
Pjotr,Entropiq,0.41290322580645167,17,386,0.4479166666666667,0.6666666666666665,0.455381784728611,0.41666666666666663,0.5624999999999999,0.47619047619047616,0.44,0.4736842105263157,0.19148936170212766,24,246,272,134,45,42,0.5746138545784937
ozzy,EXCEL,0.41290322580645167,29,591,0.5520833333333334,0.7999999999999998,0.46274149034038636,0.43333333333333346,0.6041666666666666,0.23809523809523814,0.28,0.4736842105263157,0.574468085106383,25,384,384,219,39,40,0.6266028339788777
UNCAGED,KTRL,0.40645161290322573,4,75,0.33333333333333337,0.3666666666666667,0.43974241030358785,0.41666666666666663,0.18749999999999997,0.14285714285714288,0.36,0.8157894736842105,0.2631366860090264,14,48,61,13,4,7,0.3264454976303318
adm1k,Anonymo Esports,0.40645161290322573,28,595,0.4791666666666667,0.5999999999999996,0.49770009199632015,0.4,0.4374999999999999,0.2857142857142857,0.32,0.4736842105263157,0.3617021276595745,29,372,401,173,46,48,0.47528774542992547
HUMANZ,Arctic Gaming,0.40645161290322573,12,275,0.5104166666666666,0.5999999999999996,0.46734130634774607,0.43333333333333346,0.5624999999999999,0.14285714285714288,0.2,0.7894736842105262,0.3617021276595745,22,180,188,95,15,14,0.5971563981042655
gosaydam,Galatasaray Esports,0.40645161290322573,18,412,0.3854166666666666,0.3333333333333335,0.47102115915363396,0.4,0.29166666666666663,0.47619047619047616,0.68,0.3421052631578947,0.08510638297872343,24,260,308,92,51,70,0.38595683982883167
ALMO,NOM eSports,0.4,23,501,0.4270833333333333,0.4666666666666668,0.49586016559337653,0.41666666666666663,0.47916666666666663,0.2857142857142857,0.44,0.5263157894736842,0.12765957446808512,24,320,365,154,41,54,0.5189999148622187
Knox,KTRL (ex),0.3935483870967741,11,226,0.1875,0.03333333333333344,0.46642134314627426,0.31666666666666665,0.2083333333333333,0.7142857142857143,0.88,0.5526315789473685,0.12765957446808512,21,132,204,40,38,49,0.2506396007213857
Zik,Alliance,0.3935483870967741,23,483,0.5416666666666666,0.5666666666666664,0.47102115915363396,0.41666666666666663,0.6666666666666666,0.23809523809523814,0.4,0.6578947368421052,0.2765957446808511,22,309,313,194,35,50,0.6572076182626357
shrew,KOI,0.3935483870967741,14,320,0.5625000000000001,0.7000000000000002,0.4415823367065319,0.4666666666666667,0.5,0.14285714285714288,0.24,0.5263157894736842,0.17021276595744683,23,213,211,103,15,19,0.5790284360189574
Jesse,Giants Gaming,0.3935483870967741,12,265,0.4270833333333333,0.5999999999999996,0.5409383624655015,0.4,0.6249999999999999,0.23809523809523814,0.36,0.6578947368421052,0.10638297872340426,20,166,189,101,18,25,0.6081015827595458
Bromas,Team Heretics,0.3935483870967741,11,246,0.4791666666666667,0.6666666666666665,0.47010119595216193,0.3833333333333334,0.5,0.09523809523809523,0.4,0.5,0.3404255319148936,23,153,164,79,9,24,0.5146225869841637
Maiko,Thunderbolts Gaming,0.3935483870967741,6,135,0.33333333333333337,0.3666666666666667,0.42962281508739664,0.4,0.24999999999999997,0.19047619047619047,0.4,0.4473684210526315,0.25531914893617025,22,85,108,27,8,14,0.3500789889415482
mkLx,Anorthosis Famagusta Esports,0.3870967741935484,4,83,0.3854166666666666,0.5999999999999996,0.5197792088316469,0.41666666666666663,0.5208333333333333,0.19047619047619047,0.4,0.7105263157894737,0.2631366860090264,19,53,63,27,5,8,0.5447381944840975
KONEQT,Sector One France,0.3870967741935484,23,521,0.4583333333333333,0.5999999999999996,0.4195032198712052,0.4,0.375,0.23809523809523814,0.28,0.5526315789473685,0.17021276595744683,29,329,360,133,36,34,0.43292610819514066
GillianH,Valar Morghulis,0.3870967741935484,14,314,0.35416666666666674,0.5333333333333332,0.49310027598896045,0.3666666666666666,0.39583333333333337,0.19047619047619047,0.28,0.5526315789473685,0.14893617021276595,20,190,234,86,20,23,0.4216500135840856
Marw0ll,Galakticos,0.3870967741935484,6,139,0.3854166666666666,0.5,0.4415823367065319,0.3833333333333334,0.5,0.2857142857142857,0.48,0.6052631578947368,0.2631366860090264,27,86,102,45,11,16,0.5136895223157968
Iroh,Galatasaray Esports,0.3870967741935484,18,412,0.3958333333333333,0.5666666666666664,0.437902483900644,0.3666666666666666,0.5416666666666666,0.2857142857142857,0.32,0.39473684210526316,0.23404255319148942,21,251,294,142,31,31,0.5302765379837114
jeyj7y,Surreal Esports,0.3870967741935484,24,528,0.4583333333333333,0.7000000000000002,0.4682612695492181,0.3666666666666666,0.6458333333333333,0.23809523809523814,0.4,0.5789473684210528,0.574468085106383,25,322,355,208,37,53,0.6026497199482984
Kryptix,MOUZ,0.38064516129032266,19,417,0.5833333333333334,0.6666666666666665,0.4636614535418584,0.41666666666666663,0.41666666666666663,0.047619047619047616,0.24,0.4736842105263157,0.25531914893617025,28,268,260,115,14,25,0.4789116574039346
ShadoW,Team Vitality,0.38064516129032266,14,297,0.5312500000000001,0.5999999999999996,0.48022079116835337,0.3666666666666666,0.45833333333333326,0.19047619047619047,0.36,0.42105263157894746,0.17021276595744683,23,182,186,89,18,28,0.47019962659773074
starkk,KOI,0.38064516129032266,14,320,0.4999999999999999,0.5999999999999996,0.43054277828886844,0.43333333333333346,0.41666666666666663,0.4285714285714286,0.32,0.6052631578947368,0.19148936170212766,25,209,219,88,34,24,0.49292061611374416
Ease,UCAM Tokiers,0.38064516129032266,14,308,0.46875000000000006,0.5666666666666664,0.42502299908003693,0.43333333333333346,0.45833333333333326,0.23809523809523814,0.32,0.6052631578947368,0.19148936170212766,22,199,217,93,23,26,0.5218194128146735
bonkar,Tundra Esports,0.37419354838709673,25,533,0.5208333333333334,0.6666666666666665,0.43974241030358785,0.3666666666666666,0.5,0.14285714285714288,0.28,0.26315789473684215,0.25531914893617025,22,326,336,173,27,38,0.5046459724531623
Nille,Tundra Esports,0.37419354838709673,25,533,0.5625000000000001,0.5,0.4609015639374425,0.43333333333333346,0.18749999999999997,0.14285714285714288,0.28,0.39473684210526316,0.10638297872340426,25,344,339,89,26,37,0.32506691089513884
FOXIE,Team Queso,0.37419354838709673,12,238,0.40624999999999994,0.4666666666666668,0.4645814167433304,0.3666666666666666,0.375,0.3333333333333333,0.44,0.5263157894736842,0.17021276595744683,17,146,170,62,21,25,0.4143534190927557
litshii,Angry Titans,0.367741935483871,19,394,0.35416666666666674,0.4666666666666668,0.44434222631094755,0.35,0.5624999999999999,0.23809523809523814,0.48,0.39473684210526316,0.5319148936170214,23,237,293,137,26,47,0.5235403084177351
Ale,KOVA Esports,0.367741935483871,16,343,0.37499999999999994,0.5333333333333332,0.4103035878564858,0.3666666666666666,0.5833333333333333,0.3333333333333333,0.44,0.39473684210526316,0.38297872340425526,24,209,252,124,30,37,0.5548754369723515
HaxZorus,SPARX ESPORTS,0.3612903225806451,14,286,0.29166666666666663,0.2999999999999998,0.4452621895124196,0.28333333333333344,0.41666666666666663,0.19047619047619047,0.28,0.5263157894736842,0.04255319148936171,17,160,212,79,17,19,0.35883074271699866
Bgg,Wave Esports,0.3548387096774194,20,424,0.5520833333333334,0.7000000000000002,0.40386384544618226,0.3666666666666666,0.5,0.23809523809523814,0.36,0.6052631578947368,0.19148936170212766,17,258,258,136,28,39,0.49454529196101216
ROUSIK,Entropiq,0.3548387096774194,17,386,0.36458333333333326,0.7000000000000002,0.4645814167433304,0.28333333333333344,0.6041666666666666,0.19047619047619047,0.36,0.4736842105263157,0.25531914893617025,20,215,261,143,24,35,0.49195786165066424
dimaxx,UCAM Tokiers,0.3548387096774194,14,308,0.30208333333333337,0.4333333333333331,0.43974241030358785,0.28333333333333344,0.375,0.23809523809523814,0.36,0.42105263157894746,0.553191489361702,18,173,229,81,22,29,0.34289407275189265
meloware,KTRL (ex),0.34838709677419366,11,226,0.37499999999999994,0.4666666666666668,0.4517019319227231,0.3666666666666666,0.27083333333333326,0.09523809523809523,0.16,0.5,0.10638297872340426,15,138,167,48,9,10,0.3404772889317619
YouBreak,AWARIA,0.34838709677419366,28,588,0.4270833333333333,0.6333333333333333,0.43054277828886844,0.35,0.41666666666666663,0.23809523809523814,0.28,0.42105263157894746,0.38297872340425526,23,355,405,166,39,44,0.43190830834703553
Fatiiiih,WYLDE,0.34838709677419366,14,292,0.26041666666666663,0.3999999999999999,0.455381784728611,0.29999999999999993,0.47916666666666663,0.380952380952381,0.8,0.6578947368421052,0.3191489361702128,19,165,229,91,29,57,0.4183600597286242
Vorwenn,BISONS ECLUB,0.34838709677419366,11,232,0.19791666666666674,0.3333333333333335,0.4185832566697334,0.2500000000000001,0.375,0.3333333333333333,0.76,0.39473684210526316,0.12765957446808512,26,126,191,60,21,44,0.3096094133028272
Leon,CGN Esports,0.3419354838709677,14,275,0.4270833333333333,0.5333333333333332,0.41674333026678934,0.33333333333333326,0.27083333333333326,0.23809523809523814,0.16,0.5,0.3404255319148936,18,163,186,58,19,12,0.31238259370960797
f3n1x,H2O,0.3419354838709677,16,325,0.26041666666666663,0.2999999999999998,0.4323827046918125,0.33333333333333326,0.3125,0.2857142857142857,0.48,0.4473684210526315,0.23404255319148942,24,191,267,76,25,40,0.33834487787094425
neptuNo,Case Esports,0.3419354838709677,22,471,0.4895833333333332,0.7000000000000002,0.4241030358785649,0.3666666666666666,0.33333333333333326,0.19047619047619047,0.32,0.42105263157894746,0.3617021276595745,23,288,307,112,29,39,0.3785431822984274
Phardon,H2O,0.335483870967742,16,325,0.29166666666666663,0.2333333333333334,0.4029438822447102,0.33333333333333326,0.1458333333333333,0.19047619047619047,0.48,0.5,0.23404255319148942,26,193,259,50,21,39,0.2312504557054319
JARLO,who cars?,0.335483870967742,16,344,0.29166666666666663,0.2666666666666666,0.409383624655014,0.29999999999999993,0.35416666666666663,0.3333333333333333,0.36,0.368421052631579,0.12765957446808512,25,197,264,86,32,31,0.33999228480105803
KhA,Anorthosis Famagusta Esports,0.32258064516129037,21,432,0.4895833333333332,0.5333333333333332,0.40386384544618226,0.4,0.2291666666666666,0.047619047619047616,0.36,0.5,0.14893617021276595,19,271,288,81,11,39,0.3285939968404422
LowaN,Valar Morghulis,0.32258064516129037,14,314,0.33333333333333337,0.3333333333333335,0.4139834406623737,0.31666666666666665,0.3125,0.23809523809523814,0.4,0.5526315789473685,0.44680851063829785,23,182,231,72,22,30,0.3200410541250339
Br0die,TENSTAR,0.32258064516129037,24,468,0.40624999999999994,0.5666666666666664,0.3827046918123276,0.33333333333333326,0.35416666666666663,0.3333333333333333,0.4,0.5789473684210528,0.17021276595744683,23,274,319,117,43,47,0.3585490339044842
m1tez,Galakticos,0.32258064516129037,12,251,0.36458333333333326,0.3333333333333335,0.38086476540938374,0.35,0.35416666666666663,0.2857142857142857,0.48,0.6578947368421052,0.04255319148936171,24,150,184,64,20,29,0.3833764468193578
SasuKe,Galakticos,0.32258064516129037,18,390,0.3125,0.4333333333333331,0.43974241030358785,0.29999999999999993,0.41666666666666663,0.14285714285714288,0.4,0.5789473684210528,0.19148936170212766,22,224,290,108,19,40,0.3814801312431645
YoungOne,SPARX ESPORTS,0.31612903225806444,14,286,0.26041666666666663,0.2999999999999998,0.39926402943882255,0.2666666666666667,0.3125,0.3333333333333333,0.28,0.39473684210526316,0.021276595744680854,17,157,218,67,27,21,0.2827693633380838
k1zpawnn,Team Queso,0.31612903225806444,12,238,0.3854166666666666,0.4666666666666668,0.3790248390064399,0.31666666666666665,0.33333333333333326,0.14285714285714288,0.32,0.5789473684210528,0.46808510638297873,15,139,165,58,12,19,0.3473256601218685
HYPNO,KTRL,0.3096774193548387,4,75,0.1875,0.2333333333333334,0.3081876724931003,0.28333333333333344,0.18749999999999997,0.3333333333333333,0.52,0.5263157894736842,0.17021276595744683,13,42,65,13,7,10,0.21042654028436003
dothem,KTRL (ex),0.3096774193548387,11,226,0.33333333333333337,0.13333333333333308,0.35510579576816936,0.3666666666666666,0.16666666666666666,0.3333333333333333,0.4,0.7894736842105262,0.4042553191489362,21,137,174,37,20,22,0.2634735561800109
synsi,Team Finest (ex),0.3096774193548387,11,252,0.3854166666666666,0.5666666666666664,0.4425022999080037,0.2666666666666667,0.5833333333333333,0.19047619047619047,0.2,0.42105263157894746,0.21276595744680848,22,138,164,90,16,12,0.4590385917400136
Jaf,H2O,0.3096774193548387,16,325,0.27083333333333337,0.2999999999999998,0.3523459061637535,0.31666666666666665,0.45833333333333326,0.19047619047619047,0.32,0.6052631578947368,0.2765957446808511,19,187,257,97,19,25,0.4142034269048488
Rias,Movistar Riders,0.3096774193548387,12,247,0.3958333333333333,0.5,0.4461821527138916,0.28333333333333344,0.5208333333333333,0.0,0.12,0.5263157894736842,0.29787234042553196,16,139,164,81,6,8,0.43862847055663223
lyNxi,Rebels Gaming,0.3096774193548387,22,454,0.5104166666666666,0.7666666666666666,0.37626494940202404,0.3666666666666666,0.4374999999999999,0.09523809523809523,0.16,0.5789473684210528,0.2765957446808511,23,275,287,132,18,18,0.4470217341378374
KnightVoice,SPARX ESPORTS,0.303225806451613,14,286,0.32291666666666674,0.3999999999999999,0.3652253909843608,0.33333333333333326,0.2291666666666666,0.2857142857142857,0.28,0.736842105263158,0.21276595744680848,17,169,218,55,24,19,0.2827693633380838
iluri,FOKUS,0.303225806451613,22,463,0.4270833333333333,0.6666666666666665,0.375344986200552,0.31666666666666665,0.45833333333333326,0.19047619047619047,0.32,0.6052631578947368,0.3404255319148936,23,267,305,137,29,35,0.4123529833253151
rodeN,Team BDS,0.303225806451613,23,515,0.33333333333333337,0.6333333333333333,0.37626494940202404,0.28333333333333344,0.5624999999999999,0.23809523809523814,0.52,0.368421052631579,0.14893617021276595,22,289,365,178,34,66,0.46198868080798794
Radski,London Esports,0.303225806451613,15,301,0.3437500000000001,0.3666666666666667,0.3863845446182155,0.29999999999999993,0.2083333333333333,0.2857142857142857,0.36,0.6052631578947368,0.25531914893617025,20,173,215,53,25,27,0.2358016721512809
mertz,Team Heretics,0.2967741935483871,11,246,0.37499999999999994,0.5333333333333332,0.3422263109475622,0.33333333333333326,0.45833333333333326,0.2857142857142857,0.52,0.6052631578947368,0.2765957446808511,20,144,174,74,19,32,0.432088775864062
mishu,who cars?,0.29032258064516137,16,344,0.26041666666666663,0.5333333333333332,0.42686292548298077,0.2333333333333334,0.5,0.19047619047619047,0.32,0.5526315789473685,0.21276595744680848,20,184,255,111,21,26,0.39058194643447586
Saiz,BISONS ECLUB,0.29032258064516137,11,232,0.27083333333333337,0.2999999999999998,0.3468261269549219,0.29999999999999993,0.35416666666666663,0.19047619047619047,0.4,0.9736842105263158,0.23404255319148942,21,133,183,57,14,23,0.33461349893773507
Quick,Giants Gaming,0.28387096774193543,12,265,0.4166666666666667,0.5999999999999996,0.3781048758049679,0.28333333333333344,0.5833333333333333,0.14285714285714288,0.32,0.6052631578947368,0.0,22,149,172,95,13,20,0.4822319592238219
SHALZ,FenerbahÃ§e Esports,0.2709677419354838,14,309,0.26041666666666663,0.4666666666666668,0.41766329346826137,0.21666666666666667,0.47916666666666663,0.047619047619047616,0.24,0.5263157894736842,0.29787234042553196,21,161,224,95,9,19,0.34841025169097695
mass3R,Dsyre,0.25806451612903236,14,311,0.29166666666666663,0.5,0.34498620055197804,0.2333333333333334,0.41666666666666663,0.23809523809523814,0.32,0.4736842105263157,0.17021276595744683,24,166,222,86,22,26,0.32203105713110125
CREA,Mandatory,0.25806451612903236,14,312,0.35416666666666674,0.4333333333333331,0.3735050597976082,0.29999999999999993,0.27083333333333326,0.09523809523809523,0.36,0.6052631578947368,0.3617021276595745,28,179,222,66,11,29,0.2857273058694859
Kuba,FOKUS,0.23870967741935478,8,167,0.4791666666666667,0.5333333333333332,0.3523459061637535,0.33333333333333326,0.3125,0.047619047619047616,0.32,0.5,0.10638297872340426,19,98,105,38,5,13,0.32795073360388216
Kiiyo,beGenius ESC (ex),0.23870967741935478,6,105,0.22916666666666663,0.3999999999999999,0.3440662373505061,0.21666666666666667,0.375,0.23809523809523814,0.36,0.5526315789473685,0.23404255319148942,14,55,80,27,7,9,0.27948544346648607
xiTsha,Arctic Gaming (ex),0.2129032258064516,12,275,0.28125,0.5,0.3256669733210673,0.2500000000000001,0.45833333333333326,0.19047619047619047,0.28,0.631578947368421,0.17021276595744683,17,149,202,82,16,19,0.36511848341232234
logicman,Team Lixa,0.2129032258064516,11,232,0.26041666666666663,0.3666666666666667,0.30082796688132485,0.2500000000000001,0.27083333333333326,0.14285714285714288,0.36,0.6842105263157895,0.19148936170212766,18,126,176,49,12,22,0.2408481778068311
NowaXxZang,KTRL (ex),0.20645161290322578,4,84,0.15625000000000003,0.3666666666666667,0.2999080036798528,0.20000000000000007,0.35416666666666663,0.19047619047619047,0.4,0.7105263157894737,0.2631366860090264,17,43,69,21,5,8,0.2518618821936357
styl1sh,KTRL,0.19999999999999996,4,75,0.1458333333333334,0.5999999999999996,0.31830726770929163,0.1333333333333333,0.5208333333333333,0.047619047619047616,0.16,0.6052631578947368,0.2631366860090264,12,35,57,25,2,3,0.30710900473933644
alddy,KTRL,0.18709677419354842,4,75,0.30208333333333337,0.5,0.2511499540018399,0.28333333333333344,0.0,0.047619047619047616,0.64,0.6842105263157895,0.3617021276595745,17,42,55,6,2,12,0.07507109004739332
NKLS,Ovation eSports,0.1548387096774193,14,290,0.13541666666666666,0.2666666666666666,0.2548298068077278,0.1333333333333333,0.2291666666666666,0.2857142857142857,0.56,0.368421052631579,0.04255319148936171,18,136,227,56,24,41,0.10707631966007514
John9,London Esports,0.13548387096774195,15,301,0.19791666666666674,0.19999999999999996,0.19043238270469187,0.16666666666666663,0.4374999999999999,0.23809523809523814,0.4,0.42105263157894746,0.29787234042553196,16,148,223,87,22,31,0.27916423926563894
RosÃ©,Fire Flux Esports,0.09677419354838712,2,44,0.11458333333333329,0.6666666666666665,0.26954921803127885,0.06666666666666665,0.39583333333333337,0.0,0.2,0.23684210526315788,1.0,10,19,33,12,1,2,0.16867729426971134
Faceroll,CGN Esports,0.0903225806451613,6,118,0.07291666666666678,0.3666666666666667,0.17755289788408468,0.04999999999999993,0.5833333333333333,0.09523809523809523,0.32,0.3421052631578947,0.08510638297872343,13,50,92,42,5,9,0.2776126596513776
corr0,Thunderbolts Gaming,0.08387096774193548,17,346,0.19791666666666674,0.5,0.1462741490340388,0.1333333333333333,0.6249999999999999,0.09523809523809523,0.28,0.3157894736842105,0.17021276595744683,16,163,248,130,13,24,0.3750102731282362
afr0nfire,Surreal Esports,0.02580645161290318,1,21,0.29166666666666663,0.7666666666666666,0.14075436982520706,0.06666666666666665,0.5208333333333333,0.380952380952381,0.76,0.21052631578947376,0.2631366860090264,9,9,12,7,2,4,0.2518618821936357
Zehradieux,London Esports (si),0.006451612903225823,1,17,0.0,0.0,0.0,0.033333333333333326,0.2083333333333333,0.19047619047619047,0.0,0.0,0.2631366860090264,7,7,15,3,1,0,0.0
victorsoN,Gamerland Outlaws (ex),0.0,7,163,0.05208333333333341,0.19999999999999996,0.08279668813247476,0.0,0.3125,0.047619047619047616,0.32,0.5526315789473685,0.2631366860090264,18,64,124,38,5,13,0.05442968045823282
